Propanenitrile,,,
"z (Angstroms)","PE (kcal/mol)","F (kcal/mol-Angstrom)","Number of samples"
-5.07752,6.4008,3.15397,1199
-5.02617,7.67958,1.2913,32279
-4.97453,7.64,1.06776,112603
-4.92188,7.78258,0.763394,78668
-4.85113,8.61819,1.13564,73881
-4.79839,8.8818,0.441671,117761
-4.74562,8.60205,0.0340299,39487
-4.6683,9.24391,1.41503,43396
-4.61566,9.25893,0.929211,116234
-4.56461,9.07268,0.278195,61382
-4.49824,9.95548,0.702462,10023
-4.42829,10.3729,1.59393,55638
-4.37734,10.2394,0.564562,117815
-4.32434,10.1088,-0.497448,50342
-4.24948,7.35123,0.767109,55039
-4.1969,6.68469,0.854482,118768
-4.14512,6.9416,0.694297,50495
-4.06909,7.62576,1.29295,30816
-4.01385,7.22592,0.844018,112777
-3.96282,7.19782,-0.0545349,79740
-3.89088,7.27621,0.918097,48906
-3.83575,7.30846,0.296591,120493
-3.78488,7.17189,-0.456054,60259
-3.71043,7.19094,1.28835,21080
-3.65183,7.2395,0.832013,95348
-3.60134,7.29454,-0.17149,98215
-3.53774,8.47261,-0.0507664,33002
-3.47203,9.00791,0.408415,94819
-3.42122,9.13744,0.00709197,98147
-3.35667,8.56353,0.415285,38235
-3.29269,8.36156,0.559783,99476
-3.24153,8.17012,0.00341078,92725
-3.17685,7.98588,0.0636794,31812
-3.11163,8.85629,0.0543661,91634
-3.06111,8.81869,-0.156083,99624
-3.00793,8.46999,-0.400938,20945
-2.92584,1.52462,0.308575,24709
-2.87327,0.113276,-0.00921316,107265
-2.82237,0,-0.559873,85659
-2.75197,5.39141,0.121279,44932
-2.69507,7.16827,-0.136762,115751
-2.64396,7.21762,-0.842239,69313
-2.57894,7.39333,-0.626078,11860
-2.5087,7.68134,0.242456,56643
-2.45732,7.60969,-0.326246,117620
-2.40459,7.32275,-0.781618,47939
-2.32906,5.8385,-0.2712,48026
-2.27606,6.11438,-0.972035,119777
-2.22196,6.17705,-1.38236,65394
-2.15133,9.10732,-0.277249,79357
-2.09924,9.13684,-0.55222,112237
-2.04661,8.83641,-1.00158,30232
-1.96637,5.8383,-1.05507,31629
-1.91432,6.22237,-1.54895,114462
-1.86387,6.61075,-2.12602,74578
-1.80029,6.53824,-1.67766,11913
-1.72839,6.44147,-0.0367334,57869
-1.67773,6.53866,-1.37052,120199
-1.62522,7.09152,-2.62604,44717
-1.54831,12.7696,-0.419788,36391
-1.49498,13.039,-1.02386,112105
-1.44256,12.3056,-1.52595,73776
-1.37099,10.537,-0.810506,56132
-1.31645,10.068,-1.53659,119821
-1.2652,10.3357,-2.52859,53388
-1.19187,9.1108,-1.55415,14554
-1.13055,8.6155,-0.752448,78870
-1.0797,8.80812,-1.80028,109447
-1.01779,9.62112,-1.84672,48696
-0.953113,10.464,-1.51338,104440
-0.902195,10.2026,-2.02513,88785
-0.846866,10.3814,-2.50713,15633
-0.767227,10.0462,-1.27159,34937
-0.714896,9.90367,-1.91381,112840
-0.66362,10.0707,-2.47641,69787
-0.59627,11.3239,-1.99533,17121
-0.529939,12.9911,-1.2122,73388
-0.479224,13.1669,-1.5335,112887
-0.427214,12.8144,-1.83861,30732
-0.347645,9.28726,-0.0930782,8761
-0.289571,8.82699,-0.172306,70455
-0.238997,8.80355,-0.372858,115581
-0.187607,8.6954,-0.77092,32855
-0.106786,8.48731,-0.340715,13967
-0.0511086,8.77003,-0.392113,87129
-0.000274594,9.03016,-0.60915,104876
0.0574866,10.3562,-0.595924,30281
0.130199,14.3817,0.245049,74864
0.180589,14.4144,-0.22079,113357
0.234337,14.9784,-0.380964,33193
0.312573,14.0788,-0.845282,38676
0.364563,14.7561,-0.917355,113922
0.419074,14.0573,-0.792763,78781
0.487577,8.97383,-0.529383,90224
0.539936,8.44515,-0.691271,107885
0.602024,8.15977,-0.617928,43417
0.667099,7.32899,-0.430164,103047
0.717963,7.38371,-0.809546,90265
0.770751,7.47987,-1.06445,14682
0.839021,9.69189,0.0196694,706
0.916209,10.6208,0.272047,12831
0.969097,11.2763,0.451567,87519
1.01934,11.2422,-0.0757648,104569
1.07991,11.3924,-0.617422,33838
1.14913,10.8347,-1.08468,83795
1.20116,10.6071,-1.23311,116055
1.26539,8.24963,-0.799937,97276
1.32069,7.50353,-1.10582,112734
1.37334,7.84254,-1.40103,32369
1.45343,11.3417,0.0415262,18692
1.50796,11.8322,-0.0728481,97324
1.55864,12.1197,-0.512532,96374
1.62027,10.4072,-0.676827,26377
1.68957,8.16132,-0.241217,77708
1.74025,8.17933,-0.942622,110748
1.79226,8.30996,-1.87923,28419
1.87365,11.4083,-0.176763,16570
1.92819,11.9343,-0.153286,90947
1.9791,11.9454,-0.511388,99699
2.0366,11.8768,-0.437536,26133
2.11132,11.7461,0.198007,58945
2.16205,11.8848,-0.253909,120024
2.21483,11.6423,-0.434846,42198
2.29124,11.7381,1.00611,43506
2.34466,11.4033,-0.426752,116412
2.39565,11.4162,-1.53277,64352
2.46999,10.0033,-0.283826,31535
2.52623,8.69202,-0.370468,111843
2.57642,8.78685,-1.0452,80580
2.6482,8.56175,-0.172876,29415
2.70703,7.8944,-0.385057,109257
2.7569,7.91339,-1.5877,86796
2.82411,11.501,-1.02945,22560
2.88885,13.0126,-0.0591021,84275
2.93969,12.9935,-0.465238,105228
2.9933,12.9673,-0.664481,25781
3.07325,14.9782,-0.191244,26350
3.12631,14.6641,-0.191839,106515
3.17741,14.9043,-0.288148,81997
3.23441,15.2163,-0.428878,14546
3.31301,13.4811,0.0973494,38113
3.36467,13.4855,-0.290578,118411
3.4159,13.8827,-0.801675,63718
3.48894,14.0217,-0.309221,33937
3.54646,14.3478,-0.431114,108220
3.59812,14.1258,-0.91858,84032
3.66779,13.2015,0.321428,62950
3.72292,13.2028,-0.701624,116627
3.77691,13.5111,-1.64793,55254
3.84953,14.9832,-0.349842,58351
3.90315,14.8696,-0.704268,116777
3.95453,14.864,-1.50523,47737
4.02974,13.5222,-0.805086,17601
4.08843,12.5751,-0.743219,84325
4.13991,12.5055,-0.584688,103598
4.19198,13.4045,-0.512724,24813
4.26194,14.4777,-1.17224,1958
4.33485,13.7131,0.550614,23331
4.38722,13.1007,-0.108147,108087
4.44333,12.1899,-0.653807,140251
4.50129,11.047,-0.79723,133622
4.55395,11.1172,-1.02697,45792
4.62836,12.1901,-0.248692,9730
4.69086,12.7373,0.244375,63900
4.7417,12.9545,0.0579117,117059
4.794,13.1775,-0.130703,38727
4.87247,13.9063,-2.48038e-05,31000
4.92568,14.8663,-0.314392,108932
4.97697,14.9207,-0.810288,79451
5.04631,13.1678,-0.277861,27083
5.10783,12.544,-0.0126849,97130
5.15858,12.6217,-0.349488,96197
5.22181,12.0742,-0.4662,29496
5.28866,11.6903,0.155561,90157
5.33937,11.6133,-0.309885,102797
5.39125,11.6912,-0.550505,20758
5.47435,11.2386,1.67689,4875
5.53173,12.5171,0.719254,55443
5.58277,12.635,-0.283676,121104
5.6414,12.9665,-0.838605,71950
5.70575,13.6291,-0.47315,109791
5.75741,13.6744,-1.03306,81074
5.82517,14.9068,-0.123912,28803
5.88783,15.4494,-0.281207,97070
5.93854,15.8083,-1.30046,96334
5.99415,16.4319,-2.05282,18914
6.07272,15.1931,0.170706,41379
6.12467,15.0799,-0.166194,115384
6.1768,14.865,-0.855291,67455
6.24976,14.1095,-0.102262,57264
6.30287,13.7858,-0.658661,118552
6.35438,13.7482,-1.14819,48320
6.40972,14.0976,-1.15832,4391
6.4964,17.8657,0.83035,1182
6.55421,19.288,0.413274,25746
6.60651,18.9138,-0.0159891,101751
6.65852,19.0462,-0.665697,87110
6.72747,16.4698,-0.789073,59753
6.78358,15.384,-0.786626,118378
6.83805,15.8661,-0.839673,65339
6.90851,15.8749,-0.385716,78869
6.9609,16.1955,-0.411078,112657
7.01225,16.9605,-0.296924,30390
7.06667,16.3054,-0.386331,1499
Butanenitrile,,,
"z (Angstroms)","PE (kcal/mol)","F (kcal/mol-Angstrom)","Number of samples"
-6.89366,11.7292,0.0520067,605
-6.83797,9.96521,0.579047,16050
-6.78475,9.84418,0.634898,88955
-6.73359,9.6683,0.385681,99007
-6.68021,9.83774,0.0310577,22757
-6.59882,12.0132,0.921428,21254
-6.54557,11.9068,0.738443,100700
-6.49417,11.6722,0.293764,94488
-6.42601,10.4466,0.230988,60876
-6.36926,10.4065,0.152858,114301
-6.31644,10.3837,0.195005,59561
-6.24369,7.37741,1.05729,42774
-6.18799,7.105,1.02729,111118
-6.13668,7.35651,0.666662,69281
-6.07955,6.97198,0.140453,9490
-5.99884,9.32156,0.848329,29290
-5.94711,9.07098,0.458967,109750
-5.89497,9.11285,-0.0326837,82166
-5.82506,9.30341,0.1924,65680
-5.77019,8.51647,0.201369,118311
-5.71715,9.03044,0.161765,48774
-5.64196,8.02955,1.21007,52547
-5.58971,7.93768,0.646348,119871
-5.53844,7.42769,0.380935,51544
-5.46441,7.97002,0.662625,14065
-5.40369,8.90278,0.60503,75162
-5.3521,8.97602,0.246635,106863
-5.29718,8.91195,0.266849,35925
-5.22179,9.5688,0.896525,45459
-5.16891,9.26004,0.799544,113621
-5.11702,8.78091,0.80973,61706
-5.04521,7.11721,1.69837,21324
-4.98447,6.34464,1.81283,89271
-4.93368,6.08861,1.09515,100790
-4.88042,6.09714,0.607645,21578
-4.79878,4.88171,1.76867,19574
-4.74536,4.71044,1.55136,96004
-4.69417,4.32645,1.46231,93859
-4.63484,3.58553,1.41483,24492
-4.56218,2.62302,1.5349,61317
-4.51059,2.32067,1.46834,115200
-4.45359,3.2416,1.62988,54825
-4.38515,5.55998,0.981783,86762
-4.33291,5.10535,0.569447,105296
-4.27922,5.87495,0.264496,26408
-4.20009,5.48291,1.26159,33872
-4.14779,4.47648,1.09653,116538
-4.09606,4.76209,0.683544,72579
-4.0237,6.49695,1.46663,57741
-3.96969,6.58043,1.14221,119726
-3.91858,6.16381,0.582668,50731
-3.84237,5.32364,1.12707,21199
-3.78482,5.17061,1.21892,92577
-3.73425,5.26956,0.881058,96289
-3.67745,5.44614,0.633565,22717
-3.60093,5.6274,2.00253,46142
-3.54917,5.74838,1.38054,116822
-3.4944,5.79148,0.931294,68820
-3.42463,6.7141,1.13268,88425
-3.37344,6.49717,0.600692,106596
-3.32057,7.12436,0.596361,25379
-3.23869,7.51526,0.676661,17617
-3.1854,7.6871,0.41501,94830
-3.13402,7.8871,0.114345,97203
-3.07762,6.98941,0.352318,20843
-3.00069,6.63464,0.909159,42841
-2.94895,6.04166,0.799038,116380
-2.89489,6.61008,0.701202,68831
-2.82407,7.68133,0.480127,80234
-2.77215,7.98694,0.0846484,112449
-2.72032,7.67243,-0.199372,30375
-2.63955,4.97616,1.44865,12365
-2.58395,4.83615,1.01261,82046
-2.53248,4.68157,0.829179,106963
-2.47299,5.73012,0.551048,40649
-2.40475,6.90908,0.557685,90260
-2.35364,6.62238,0.339849,103041
-2.29992,6.33053,0.274666,21919
-2.21958,2.91942,0.301296,31722
-2.16742,3.25619,0.0755719,112594
-2.11649,3.41371,-0.310486,73262
-2.05059,4.60444,0.219639,17656
-1.98277,5.71219,0.424439,68087
-1.93135,5.68068,0.0331833,112661
-1.87873,5.79953,-0.391102,36796
-1.80014,5.99912,1.33767,24592
-1.74622,5.61882,0.78124,108290
-1.6951,5.41927,0.230061,87190
-1.62512,6.10989,0.0176125,52994
-1.56874,6.2644,-0.119494,114916
-1.51661,6.14609,-0.300531,63914
-1.4435,5.92365,1.33007,34578
-1.38728,5.13288,1.31856,108195
-1.33496,4.35152,1.08379,81304
-1.26478,5.25165,0.700672,52900
-1.20876,6.06696,0.0300336,117957
-1.15786,6.0285,-0.59419,59354
-1.09001,6.70367,-0.759546,10963
-1.02145,6.81564,-0.478775,58457
-0.970492,6.49164,-0.93819,117522
-0.914489,6.75746,-0.88362,53996
-0.844451,6.33459,-0.436362,83200
-0.792582,6.45302,-0.682562,107990
-0.740477,6.39227,-0.939751,27837
-0.659024,5.09172,0.0317644,19681
-0.605428,5.13167,-0.0273897,97817
-0.554295,5.18673,-0.196211,93611
-0.489403,5.87241,-0.468053,35298
-0.425424,5.95383,-0.704116,98570
-0.374626,6.08699,-1.06792,94290
-0.32236,6.36008,-1.73313,15787
-0.238554,6.85667,1.11611,2791
-0.179757,6.4978,1.32397,42822
-0.128984,6.57971,1.34093,118932
-0.0777293,6.48119,1.47711,59558
-0.0028222,5.20667,2.18037,28479
0.0538295,4.62174,1.95458,104154
0.104712,4.59495,1.69839,85946
0.161363,4.85227,1.85156,14890
0.239569,5.76991,3.16871,38345
0.291806,4.5006,1.7545,110508
0.343908,3.39229,0.74673,68901
0.413461,3.97054,1.44553,23394
0.475376,4.98761,2.30134,89044
0.526373,4.73933,2.64423,101067
0.585382,4.36464,2.5371,28890
0.657187,4.70987,1.94058,69355
0.708532,4.75103,1.55225,115131
0.76437,4.86363,1.12188,41270
0.836914,1.34767,1.60032,68925
0.888711,0.444261,0.811421,114515
0.941551,1.32605,0.00699296,39064
1.01881,6.99265,1.77719,38423
1.07199,7.19974,1.40571,110898
1.12321,7.20765,0.726672,69759
1.18214,5.7388,-0.162559,9680
1.26056,1.31889,1.59185,36923
1.31177,0.867575,1.19379,116795
1.36385,0.863522,0.988103,70004
1.43629,1.83485,1.12031,53721
1.49072,2.02536,1.16284,116066
1.54333,2.55427,0.942052,58171
1.61709,0.0604271,1.0426,51870
1.67086,0.190249,0.693118,118249
1.7219,0.218659,0.414442,54380
1.7918,0.556536,1.62442,10109
1.85806,0.58947,1.446,62962
1.909,0.862408,0.656122,117881
1.96078,0.556272,-0.138705,39795
2.03942,2.57658,1.46414,20782
2.09471,2.26843,1.87783,96955
2.14619,2.30296,1.81402,97960
2.21382,1.5368,0.569791,62634
2.27066,0.857452,0.391025,121829
2.32256,0.795201,0.328794,55872
2.39711,1.61388,0.0959125,50841
2.45086,2.01154,-0.190098,117296
2.50482,2.06713,-0.419783,63002
2.57591,1.78656,0.804503,73639
2.62839,1.40212,0.406632,114295
2.68066,1.28536,-0.0786065,35627
2.75979,2.8413,1.4646,28889
2.81342,2.78912,0.774592,106516
2.86451,2.75703,-0.0331961,82509
2.93446,1.76493,1.08214,40556
2.99287,0.761134,0.620099,113843
3.04449,1.0799,-0.690869,77621
3.11549,1.99469,0.054204,50497
3.1713,2.37536,-0.252882,113565
3.22409,2.32996,-0.679905,66659
3.29651,1.19187,0.3638,54725
3.35048,1.12057,-0.249878,120194
3.40146,1.43445,-1.68347,52097
3.47699,4.04838,-0.773847,18647
3.53523,3.93337,-0.787937,90023
3.58654,4.26423,-1.08876,100097
3.65094,2.02053,-0.39466,47127
3.71331,0.363466,-0.629859,106910
3.76438,0.557376,-1.23929,82530
3.82169,0.889716,-1.76166,15359
3.90003,3.09959,-1.11597,39157
3.95152,3.41577,-1.55298,113107
4.00379,3.79566,-1.56125,66210
4.07447,5.51387,-0.291086,26534
4.13462,5.6047,-0.649491,91292
4.1866,5.74653,-1.63242,96146
4.25178,4.53342,-1.55195,49415
4.3131,3.67905,-0.768471,108382
4.36423,4.14528,-1.22366,78612
4.42404,4.0837,-0.758575,15126
4.49869,2.0335,0.607316,55667
4.54965,1.84618,-0.634422,119476
4.601,1.95875,-1.18908,45749
4.67083,3.10091,-1.21728,5706
4.7392,4.20771,-0.659897,45312
4.79108,4.37141,-0.696525,119218
4.84606,3.8663,-0.448842,69688
4.91485,0.258498,-0.00489768,92373
4.96652,0,-1.10301,104012
5.02095,0.350744,-2.09448,23176
5.09971,4.00274,-0.233003,40290
5.15162,4.2796,-1.01239,117311
5.20248,4.32826,-1.76639,61884
5.25554,4.71,-2.30568,6273
Pentanenitrile,,,
"z (Angstroms)","PE (kcal/mol)","F (kcal/mol-Angstrom)","Number of samples"
-7.00783,10.8282,-1.00525,387
-6.95177,12.0108,0.400969,14210
-6.90014,12.1945,0.108194,86033
-6.84828,12.245,0.051759,103575
-6.78411,12.3057,0.230927,52907
-6.72259,12.0013,0.208632,108725
-6.67063,12.1505,0.161057,79114
-6.601,13.1451,1.04908,36131
-6.54184,13.494,0.882459,107863
-6.49089,13.5785,0.334098,82043
-6.4227,13.1586,0.47857,30963
-6.36071,12.4918,0.986182,94894
-6.30939,11.9745,0.944939,95198
-6.25719,10.8385,0.855259,17645
-6.17208,13.3376,2.69799,6991
-6.11734,12.6229,2.12875,65237
-6.06645,12.1182,1.5359,114381
-6.01241,11.9682,1.10334,42581
-5.93754,13.4071,1.80719,51252
-5.88473,13.725,1.44959,116306
-5.83303,13.9001,1.00836,53815
-5.75976,13.9831,1.40479,18176
-5.6994,13.8498,1.30621,88386
-5.64882,14.0812,0.981706,103963
-5.58565,14.6703,1.13989,40927
-5.5209,15.4052,1.34451,101658
-5.47001,15.142,0.926218,92765
-5.40189,17.3164,0.777863,42533
-5.34221,18.3927,-0.220514,111996
-5.29164,18.5357,-1.21155,77809
-5.23589,18.4152,-1.92982,10048
-5.1537,15.5909,1.62719,26296
-5.10182,14.9069,1.29103,106183
-5.05026,14.7619,1.20687,84826
-4.98049,13.4067,1.31867,49980
-4.92364,12.6527,1.29861,118691
-4.87281,12.4724,0.948619,62479
-4.80399,13.0423,1.3883,12316
-4.73732,12.7946,1.84949,64041
-4.68655,12.0122,1.04284,116549
-4.63309,10.9103,0.175492,41448
-4.55687,13.6485,1.29665,45342
-4.50404,13.9422,1.16837,114793
-4.45256,13.5494,0.722415,60346
-4.39282,12.3113,1.04427,7599
-4.31482,11.637,2.38232,34808
-4.26304,11.2019,1.5095,113089
-4.21201,11.081,0.318276,70401
-4.14232,11.4826,0.51235,20648
-4.07949,11.6555,1.61758,86153
-4.02842,11.6276,1.23449,104107
-3.96939,11.0564,1.78475,31291
-3.89842,9.90442,2.78554,73884
-3.84716,9.87339,1.60192,113907
-3.78691,9.19977,1.23885,52505
-3.72105,8.26541,1.74268,100559
-3.67025,8.14833,1.56622,90560
-3.61042,8.7149,1.75776,21641
-3.53737,11.4062,1.58346,59575
-3.4859,11.5592,1.04926,114481
-3.43337,11.5151,0.96034,45211
-3.35758,10.107,2.09701,15510
-3.29889,9.31019,1.81168,87160
-3.24901,8.75364,1.08763,106392
-3.18896,9.22297,0.917664,29975
-3.11894,10.3594,1.26609,77746
-3.0673,10.5224,1.0014,111367
-3.00701,9.00346,1.16941,47756
-2.94073,8.28762,1.20419,102460
-2.8902,8.25402,0.467582,92365
-2.83236,7.88654,0.0568779,18465
-2.75648,8.74962,0.387937,46102
-2.70446,8.97149,0.582779,114499
-2.65247,9.10187,0.416199,57821
-2.57875,8.93277,1.00415,22932
-2.5204,9.19473,0.405917,98718
-2.47022,9.27849,-0.381699,96469
-2.41269,9.20182,-0.938958,18405
-2.33583,10.0301,0.887844,54850
-2.28461,9.58952,-0.386867,135329
-2.22496,9.14561,-0.866833,116225
-2.16748,9.04693,-0.548029,109716
-2.11459,8.92785,-0.688012,33853
-2.03525,9.52708,-0.488376,17584
-1.98018,9.36387,-0.739006,92796
-1.9291,9.37879,-0.898014,98850
-1.87326,9.35325,-0.706135,21911
-1.79561,9.09378,-0.520333,45849
-1.74446,8.91617,-0.932,121115
-1.69353,9.13004,-1.56019,55513
-1.61704,9.93263,-0.0580007,23448
-1.56099,9.25133,-0.135556,97897
-1.50972,8.95369,-0.222161,93112
-1.44515,10.0127,0.151991,30285
-1.37968,10.0391,0.590545,93402
-1.32931,9.96535,0.274363,101684
-1.26671,9.64487,0.457579,30832
-1.19948,8.34389,0.263719,85869
-1.14831,8.20855,0.0263011,104291
-1.0926,8.32801,0.0669654,28212
-1.01708,8.02781,1.27167,58654
-0.965889,7.76901,0.822349,117030
-0.913595,7.81347,0.691508,46805
-0.836744,8.00919,1.84575,32917
-0.782259,7.61979,2.03347,109148
-0.731407,7.61297,1.80484,77164
-0.678252,7.77595,1.58382,9813
-0.591925,7.25711,1.39206,10557
-0.538556,7.06167,1.38916,81983
-0.488419,7.14589,0.799116,110023
-0.431243,7.33101,0.760834,30707
-0.35773,6.78209,1.08931,65232
-0.306293,6.89462,0.573464,114434
-0.252182,6.93043,0.0108381,43965
-0.177158,7.54919,0.575199,54867
-0.124839,7.49864,0.198925,119722
-0.0661665,7.6597,-0.103271,85839
-0.00378687,7.39294,-0.194207,118582
0.0476563,7.39589,-0.235622,67139
0.103875,7.87863,-0.354628,7738
0.186815,13.525,1.84932,20838
0.239151,14.0406,1.6001,101584
0.289673,13.862,1.309,89584
0.341991,13.4773,1.05333,14567
0.404987,13.1497,-0.737704,374
0.489774,11.2831,3.67143,5264
0.543207,11.074,3.24607,59587
0.594082,11.1775,2.35962,118216
0.647463,11.1538,1.69923,44979
0.722351,11.8815,2.26448,49549
0.775615,11.712,1.80534,115251
0.827601,11.4054,1.27429,57374
0.901777,10.1747,2.3042,28690
0.95862,9.55231,2.10648,104506
1.00948,8.86506,1.234,85395
1.07199,8.50756,1.81951,21502
1.14199,8.43671,3.04123,68350
1.19304,8.06435,2.67571,112292
1.24559,7.71911,2.29933,36543
1.30272,6.48052,3.22659,2698
1.38858,7.81101,6.05252,10356
1.441,7.02903,5.27974,76634
1.49261,6.77907,5.27583,108849
1.55258,6.28954,5.27527,49134
1.61905,6.21749,5.35266,96711
1.67081,5.64918,4.92885,94563
1.73166,5.51327,4.27721,28613
1.80108,4.42582,4.98769,80251
1.85187,4.52997,4.69232,109574
1.90822,3.7105,4.46304,32069
1.98294,3.46467,5.01493,65480
2.03354,3.20977,4.14687,120733
2.09372,3.69794,4.04431,62826
2.15767,4.29212,3.83665,110195
2.20906,3.98502,3.6247,81438
2.27715,3.50048,4.21975,25266
2.3398,2.48557,3.59088,92638
2.39078,2.25574,2.6577,99519
2.44747,2.51552,1.68623,24012
2.5233,3.84532,2.96428,55907
2.57486,3.59714,2.11939,121052
2.63515,2.75427,1.74581,91221
2.69526,1.55727,1.6636,119975
2.74712,1.69719,1.66982,58637
2.82136,1.12805,1.5227,19393
2.88029,1.37012,1.10172,89742
2.93148,1.52331,0.755491,102036
2.99569,0.361894,0.639599,44494
3.05828,0,0.320142,109429
3.11,0.203337,-0.417073,87722
3.17967,1.54428,-0.269385,66064
3.23445,1.88812,-0.447645,118160
3.28661,1.98016,-0.967471,47456
3.36374,1.40891,-0.443501,27532
3.41813,1.15144,-0.949517,113178
3.46909,1.19936,-1.65867,81832
3.54062,1.15108,-1.26393,50217
3.59575,0.981819,-1.77144,122939
3.64947,1.18015,-2.42697,66946
3.72035,1.54984,-2.1174,81829
3.77233,1.70677,-2.62959,112301
3.83002,2.18806,-2.45699,35896
3.90173,3.05249,-1.87929,71990
3.95281,3.04746,-3.55768,113572
4.00868,3.44399,-4.61582,39155
4.082,4.1257,-3.21164,66782
4.1336,4.19268,-3.7559,114038
4.18547,4.79543,-4.5263,39776
4.26415,1.84473,-3.45362,16018
4.32051,1.76402,-3.78696,88327
4.37124,1.8305,-4.52849,102332
4.43105,2.83889,-4.73418,32364
4.50145,4.27846,-4.06674,77703
4.55222,4.68041,-4.85648,111582
4.61543,5.16701,-4.49648,60563
4.67715,5.99338,-4.48083,114658
4.72814,6.26527,-5.13379,72194
4.78256,6.32076,-5.24746,8861
4.86779,7.3551,-3.0829,12371
4.92086,7.77981,-3.92204,80431
4.9719,8.14489,-4.37702,106638
5.02353,8.68627,-5.37356,26789
5.08083,7.30351,-6.28061,1176
Hexanenitrile,,,
"z (Angstroms)","PE (kcal/mol)","F (kcal/mol-Angstrom)","Number of samples"
-6.30537,12.7508,0.411637,1160
-6.2501,12.2695,0.43137,26426
-6.19757,12.3573,0.442665,107686
-6.14688,12.6367,0.463307,80995
-6.08918,12.4091,0.779739,13245
-6.0111,10.4446,1.91542,39471
-5.95958,10.4954,1.09696,114432
-5.90776,10.9499,0.245446,66858
-5.83434,12.247,0.857284,36412
-5.77849,12.8527,0.924524,108669
-5.72712,12.9742,0.672095,77435
-5.6661,14.1707,0.564988,13229
-5.5918,18.2735,0.578326,50141
-5.54061,18.5374,0.0781741,119228
-5.48666,17.7437,-0.425649,59181
-5.4151,11.0229,-0.193928,71333
-5.36252,10.4669,-0.260012,112329
-5.30873,10.7844,-0.190237,39708
-5.23287,10.4367,1.85016,43799
-5.17971,11.2357,1.71745,113765
-5.12793,11.6377,1.08292,63828
-5.05458,10.7031,0.969102,38332
-4.99862,10.6238,0.458973,112641
-4.94713,11.2088,0.155383,75063
-4.87575,14.7155,-0.40752,40531
-4.81863,15.3142,-0.777403,113090
-4.76683,15.6571,-1.02707,75004
-4.69534,12.9738,0.800538,46575
-4.63948,12.2966,0.870611,111669
-4.58776,12.1338,0.819784,68378
-4.51748,12.8171,1.02759,20635
-4.45566,13.6869,1.38034,86150
-4.40441,13.7511,0.833509,102994
-4.35164,12.8183,0.578487,24242
-4.26997,12.7911,1.89707,18475
-4.21618,12.873,1.65556,92129
-4.16488,12.6997,1.36527,97321
-4.10878,12.3952,1.13141,23327
-4.03215,11.3748,2.27637,51085
-3.98088,11.3861,1.06649,115178
-3.92915,11.1996,0.411587,53492
-3.86193,12.2669,0.530451,8685
-3.79279,12.4571,1.68785,51753
-3.74048,12.1622,1.38006,117828
-3.68164,9.78442,0.691985,89747
-3.61994,7.0374,0.262148,118367
-3.5677,7.0393,0.18326,65573
-3.49947,9.54193,0.848814,18517
-3.43484,11.9719,1.24836,80184
-3.38394,11.744,0.908751,107198
-3.32833,11.0439,0.858013,32224
-3.25273,8.90666,1.34827,57343
-3.20171,8.82402,1.13047,119973
-3.14964,9.29475,0.866575,46105
-3.07243,13.8648,0.27293,31745
-3.01812,13.855,0.30133,106289
-2.96689,13.4719,0.149867,78587
-2.90825,13.8859,0.948149,14237
-2.83117,13.4303,0.97908,44591
-2.78018,13.1432,0.746788,118897
-2.72882,13.3292,0.704631,57314
-2.65542,10.3639,1.29606,18770
-2.59572,9.23482,0.901835,86497
-2.54405,9.4685,0.402878,104257
-2.48013,11.5891,0.333563,49303
-2.41815,13.5809,0.534875,110106
-2.36719,13.859,0.418624,79605
-2.30066,11.4149,1.04822,21141
-2.2347,9.00063,1.09905,83874
-2.1843,8.87906,0.540016,108581
-2.12873,9.47963,0.12294,28301
-2.05284,12.3062,0.982922,53828
-2.00088,12.3263,0.74815,116310
-1.94916,12.0861,0.365703,51951
-1.87361,9.55895,1.76375,29589
-1.8178,9.25861,1.76216,107392
-1.7669,8.67433,1.25862,80745
-1.71192,7.67137,1.00696,12275
-1.62939,8.14231,2.08914,19559
-1.57676,7.85907,1.78009,94265
-1.52522,7.59307,1.71386,93834
-1.46117,8.24553,1.34971,35071
-1.39595,8.12228,0.572819,96804
-1.34453,8.38258,0.0175988,104072
-1.27799,9.33691,-0.114547,74537
-1.22162,10.0402,-0.143728,113627
-1.1682,11.0504,-0.144133,49146
-1.09377,9.20021,0.919563,43372
-1.03936,8.19366,1.37056,110769
-0.987849,7.74602,1.3654,67089
-0.917267,8.51034,1.0486,21943
-0.8558,9.48232,0.113362,87354
-0.804472,9.59586,-0.228335,101286
-0.745615,8.67808,0.154573,31908
-0.674157,4.73929,2.19395,73042
-0.623172,4.2439,1.87273,113534
-0.564824,4.28636,1.50676,45180
-0.495988,5.19748,1.04639,84603
-0.44387,5.06773,0.834361,103916
-0.39143,4.90728,0.804337,26049
-0.323894,6.10135,1.16807,2165
-0.249001,6.26573,1.89556,24088
-0.197561,6.12589,1.61049,103155
-0.146184,6.20473,1.59493,87160
-0.0790037,5.49431,0.831934,31338
-0.0169391,2.30109,0.81097,93558
0.0350939,0.61026,1.04794,92869
0.0894288,0,1.41674,22111
0.169322,9.19511,1.39621,27701
0.221881,9.0502,1.02269,108967
0.272876,8.53692,0.771759,79814
0.335902,8.87905,0.550159,16937
0.406454,9.59531,0.415415,60005
0.458403,9.82887,0.204597,112644
0.514017,10.0071,0.114895,54087
0.584786,10.0093,0.0537141,75389
0.636986,10.348,-0.0415472,111716
0.69195,9.83854,-0.137815,37954
0.766481,9.15087,0.887381,55288
0.81892,9.37495,0.856057,116461
0.870346,9.69862,0.72079,48702
0.929356,9.54349,1.33185,4925
1.01065,4.69081,0.834768,20868
1.0633,4.40807,1.00177,100910
1.11415,4.3982,0.739329,90590
1.17896,6.53655,1.23614,27980
1.24468,9.8894,2.35353,87105
1.29555,9.71994,1.73367,104024
1.34912,9.37546,1.22648,23696
1.42972,7.90054,3.96302,30545
1.48159,8.16406,3.6271,113526
1.53237,8.11345,3.29119,73728
1.58765,7.54014,3.31243,9258
1.67124,4.97508,4.23139,17282
1.72363,4.48763,3.68232,97316
1.77409,4.46143,3.03576,96257
1.83731,4.32465,3.33177,28355
1.90503,4.6229,3.72036,83682
1.9558,4.63761,3.0425,106463
2.00921,5.33305,2.40334,25324
2.08962,6.07751,2.90791,26753
2.14203,6.15206,2.66699,107785
2.19325,6.46938,2.42841,81769
2.25976,5.16184,3.59531,24096
2.32449,4.05938,3.6165,85706
2.37563,4.17406,2.82579,104496
2.43253,4.25718,2.09314,29167
2.50671,6.71376,2.6371,61043
2.5583,7.00758,2.01239,120411
2.61807,6.43098,1.80337,68999
2.68164,6.03927,2.22393,110798
2.7331,6.02582,1.87936,78415
2.8017,4.94582,2.60632,27482
2.86373,4.58493,1.84908,96790
2.91495,5.33083,0.943571,98618
2.98252,5.97326,0.849385,58535
3.03984,6.14179,0.343161,116574
3.09167,6.86679,0.171199,61362
3.16018,6.91064,0.901695,13956
3.22661,6.28443,1.94448,67371
3.27776,6.67281,1.76496,113404
3.33723,7.07192,1.74196,61184
3.40223,8.06531,1.45029,104377
3.45375,8.21611,0.751204,86474
3.51844,5.28022,0.633711,25934
3.58504,3.47717,0.706971,83525
3.63606,3.13404,0.106015,107681
3.69796,4.79403,0.0831642,45482
3.76294,6.81291,0.473002,100676
3.81416,7.09102,-0.3121,90893
3.87992,6.65256,-0.370792,31649
3.94368,6.05512,-0.336469,94434
3.9949,6.17567,-0.956385,98441
4.05655,6.09078,-1.22318,29832
4.12501,5.8009,-0.503019,82362
4.17599,5.6228,-0.968956,107037
4.23259,5.14738,-0.905235,31561
4.30643,4.81,-0.220673,61961
4.35827,5.08851,-0.507083,115394
4.41391,4.83698,-0.849349,52774
4.48479,3.87559,-0.454087,77980
4.53666,4.01891,-0.910263,110530
4.59052,4.18214,-1.4023,32705
4.66786,7.09029,-0.834666,40798
4.72053,6.8988,-1.54862,116022
4.77368,6.97474,-2.32553,69810
4.84446,4.61763,-1.34504,71999
4.89744,4.56958,-1.59662,116053
4.95154,4.18855,-2.27597,41608
5.02684,2.84194,-1.84132,55112
5.07896,2.71837,-2.48022,117338
5.13066,2.93636,-2.94453,49299
5.20643,4.34222,-1.66285,19698
5.26395,3.94056,-1.6696,93246
5.31505,4.00402,-2.25517,97845
5.36952,4.0405,-2.28629,20875
5.44906,2.13271,-0.973631,31585
5.50155,1.89098,-1.65147,113170
5.55296,1.65598,-2.50503,75234
5.62448,4.02704,-2.33504,44690
5.68077,4.44452,-2.3872,110994
5.73242,4.60034,-2.68775,69537
5.78552,4.2703,-2.58222,8860
Aminopropane,,,
"z (Angstroms)","PE (kcal/mol)","F (kcal/mol-Angstrom)","Number of samples"
-8.68757,4.86211,2.54876,281
-8.63191,7.58755,1.43541,12164
-8.57978,8.27126,0.595674,83668
-8.52896,8.1553,-0.206807,105494
-8.47558,7.88061,-1.08546,26834
-8.39583,7.52574,-0.0423047,34981
-8.34383,7.69259,-0.0813101,113454
-8.29227,7.71934,-0.0241384,70322
-8.22549,9.09541,0.107068,16559
-8.15905,10.3369,0.090882,70570
-8.10755,10.6334,0.113491,112407
-8.05504,10.5425,-0.16536,35285
-7.9765,9.81548,0.562143,30106
-7.92275,10.2803,0.263506,108146
-7.87034,9.55845,-0.19032,83684
-7.80077,5.47908,-0.116738,64788
-7.74613,5.06663,-0.187474,117733
-7.69423,4.61741,-0.0958129,47580
-7.62771,6.40803,-0.0511067,6444
-7.5558,8.20897,0.521708,42787
-7.50471,8.41841,0.194071,116309
-7.4517,8.49349,-0.0694823,65823
-7.37941,11.8233,0.209883,67020
-7.32679,11.9376,0.155763,116319
-7.27363,11.4069,0.246027,44410
-7.19802,6.68159,0.598441,51392
-7.14533,6.36176,0.124659,116148
-7.09362,5.87282,-0.313805,55315
-7.01937,9.17815,0.287853,21127
-6.96099,9.39274,0.645891,89083
-6.90931,8.9453,0.740232,98258
-6.85605,8.53562,0.725416,23101
-6.77489,6.10111,1.20171,23784
-6.72177,6.23853,0.99923,101928
-6.67086,6.21788,0.542458,87615
-6.61484,6.28573,0.0246985,16000
-6.53573,9.62645,0.908257,32870
-6.48328,9.82232,0.247783,110311
-6.42977,9.8679,-0.323,81970
-6.36151,10.8062,-0.0825317,83007
-6.30776,10.7981,-0.0999854,111230
-6.25204,10.8554,-0.308776,38133
-6.1787,11.963,0.0582898,63374
-6.1266,11.9133,0.381137,115645
-6.07331,11.4914,0.57594,44701
-5.9977,7.77669,1.1254,51118
-5.94554,7.3439,0.188094,121123
-5.89471,7.36816,-0.614497,51312
-5.82332,10.488,0.144378,9091
-5.75776,10.3401,1.31435,57107
-5.70646,9.55775,1.02752,114964
-5.65267,9.02157,0.895516,50214
-5.57791,6.0402,0.364396,50057
-5.52532,5.95499,-0.0763537,117629
-5.47291,5.7535,-0.398636,56837
-5.39875,6.31712,1.2578,40024
-5.34388,6.07808,1.05245,108758
-5.29075,6.58659,0.647978,73936
-5.22065,8.99792,0.311669,58752
-5.16541,9.67276,-0.263493,117794
-5.11372,9.53892,-0.672306,54462
-5.03964,5.46618,0.408449,19999
-4.98041,3.74004,0.85247,92706
-4.9298,3.59125,0.337164,98538
-4.87758,3.15971,0.330437,19597
-4.79483,3.7864,1.08385,8180
-4.73835,4.25334,1.10961,64751
-4.6871,3.87965,0.510042,113206
-4.63044,3.32636,0.291162,48846
-4.56004,4.31199,0.798397,78042
-4.50809,4.43084,0.671368,111116
-4.45561,4.10273,0.582669,30511
-4.37648,4.6728,1.3231,15928
-4.32037,3.94181,1.47385,84440
-4.26859,3.36804,1.31084,105231
-4.20394,2.95594,0.777437,62120
-4.14426,3.84334,0.335149,115500
-4.09294,4.1354,0.38112,65820
-4.03059,4.39212,0.144247,10042
-3.9567,6.64447,0.928645,44433
-3.90481,6.76418,0.727917,115186
-3.85267,6.8137,0.425924,61566
-3.77864,2.77714,1.32595,42907
-3.72437,2.17838,1.00623,116808
-3.67313,2.36131,0.636858,64645
-3.61357,2.85522,0.303776,7948
-3.53479,3.52248,1.35706,30698
-3.48336,3.45832,0.890006,111432
-3.43205,3.03795,0.786624,74417
-3.365,4.89617,1.01601,20311
-3.29956,6.93963,1.13592,78757
-3.24832,6.57217,1.05032,107852
-3.18909,4.86097,1.01669,42149
-3.12041,1.17404,1.24301,85070
-3.0688,1.06517,1.12103,103434
-3.01603,0.808138,1.06232,26351
-2.93498,5.32782,1.57866,18763
-2.88115,4.61428,1.2915,92839
-2.82838,4.50533,1.10471,104992
-2.76325,3.2444,0.892859,89644
-2.70769,2.73723,0.601493,112300
-2.65498,2.9805,0.602553,35170
-2.57857,4.34524,0.585931,8825
-2.51798,4.03975,0.788433,64451
-2.46674,4.10654,0.442191,115441
-2.41039,4.23396,0.300974,50462
-2.34045,5.43285,0.392533,83669
-2.28857,5.38455,0.0761016,106368
-2.23252,4.99298,-0.0616413,31170
-2.15775,2.21771,0.391343,55319
-2.10603,2.2177,0.0931398,115456
-2.05398,2.43135,-0.00437503,49152
-1.98479,1.99855,0.881475,9080
-1.91746,3.29824,2.21616,53977
-1.86612,3.84222,1.92899,116639
-1.81452,4.03082,1.85286,48593
-1.74223,5.60297,2.55149,8972
-1.6778,5.87395,2.33251,61060
-1.62604,5.83266,1.92784,121831
-1.56489,8.37219,1.1568,98358
-1.50648,10.2215,0.780613,119293
-1.45386,9.96516,0.380297,47876
-1.37736,7.38557,0.565586,37142
-1.32371,7.11468,0.355777,113447
-1.27255,7.35938,0.157954,70524
-1.20087,6.16856,1.24734,29802
-1.14167,5.03258,1.01083,101309
-1.09074,5.19088,0.618851,88324
-1.03539,5.37981,0.467323,16639
-0.955528,5.38728,0.55948,30853
-0.903072,4.7086,0.371301,107254
-0.849264,4.52914,0.165279,89255
-0.781737,4.3221,0.70236,87246
-0.728269,4.20453,0.50575,108434
-0.672896,4.63924,0.388586,33453
-0.597551,8.80121,0.568911,54101
-0.545875,8.64949,0.192302,118131
-0.494453,8.88609,-0.441101,49163
-0.426483,5.26364,0.206542,6858
-0.356574,3.16228,0.85029,47471
-0.305075,3.53407,0.639494,117615
-0.251798,4.15968,0.513957,60782
-0.179456,6.2474,0.416515,65017
-0.12642,7.03022,0.220739,116215
-0.0748872,6.99719,-0.0190114,41876
-0.0202641,7.05887,-0.367553,2878
0.0684498,3.74862,0.992319,4783
0.12289,3.1928,1.49248,51733
0.174311,3.0786,1.03082,115153
0.229084,3.11225,0.994698,60739
0.299966,2.16334,1.95733,77641
0.352358,2.11641,1.71539,112398
0.403772,1.86904,1.19735,31479
0.484644,4.54807,1.75948,18908
0.538907,4.60884,1.292,94799
0.590574,4.40527,1.01434,97557
0.657112,3.38138,1.12813,57490
0.716011,3.15271,0.806894,116839
0.77165,2.67844,0.395168,86765
0.83697,1.38741,0.386479,109950
0.888993,0.985435,-0.180969,87443
0.941748,0.890011,-0.660298,13541
1.02724,3.24418,0.86567,4126
1.08308,3.78055,0.903976,50744
1.1353,3.52344,0.511381,123218
1.19464,1.62032,0.172221,118475
1.25237,0.247898,-0.165701,118137
1.3065,0,-0.294442,41455
1.38253,3.12831,0.384024,43334
1.43546,3.16085,0.143392,116408
1.48748,3.51363,-0.190529,63768
1.561,5.14833,-0.877635,48779
1.61543,5.33496,-1.08525,117346
1.67091,4.18065,-1.24294,77248
1.73813,0.410794,-0.69711,99191
1.79004,0.320565,-1.10414,96309
1.84269,0.269845,-1.58569,18563
1.92533,0.258528,-0.642397,8802
1.9815,0.0311633,-1.45771,69525
2.03246,0.0624407,-1.87163,114613
2.08911,0.057503,-2.23623,42952
2.16037,0.618495,-1.93981,75078
2.21211,1.17671,-2.10125,111307
2.27063,0.846126,-2.25394,45371
2.33922,0.0243474,-2.16335,86385
2.39121,0.16082,-2.45106,103165
2.44541,0.282089,-2.59538,27245
2.52332,1.53834,-2.21114,40116
2.57588,1.84738,-2.25456,113989
2.62717,2.11875,-2.30309,65090
2.69625,3.81763,-1.56313,16792
2.76074,4.83706,-0.866772,70185
2.8124,4.84148,-0.760902,110938
2.86527,5.22224,-0.911669,36278
2.94305,5.02005,-0.105515,25520
2.99782,5.05993,-0.0634472,101568
3.04983,5.10107,-0.267704,88384
3.11796,6.27938,-0.663625,55321
3.1756,6.71201,-1.06005,114784
3.22731,6.77619,-1.38606,63082
3.29205,6.10636,-1.17724,11330
3.36277,3.14362,-0.513584,56116
3.41369,3.58505,-0.910824,119226
3.46451,3.57004,-1.22389,44667
3.5183,3.90336,-1.63673,3083
Aminobutane,,,
"z (Angstroms)","PE (kcal/mol)","F (kcal/mol-Angstrom)","Number of samples"
-8.79109,12.1745,0.843047,1438
-8.73691,11.4533,0.791475,28736
-8.68498,10.8752,0.626872,105898
-8.63216,10.3765,0.66101,84943
-8.56359,9.7457,0.412027,68758
-8.50829,9.66841,0.102199,113209
-8.45649,9.84373,-0.387251,48523
-8.38298,11.2484,-0.0999049,11622
-8.32096,10.8388,0.357256,69703
-8.26947,10.7532,0.256276,112309
-8.21127,10.9529,0.236617,50864
-8.14321,10.6263,0.597345,87273
-8.09096,10.3171,0.284193,99756
-8.03696,9.90415,0.320955,26847
-7.95845,5.83002,0.815415,22476
-7.90394,5.42071,0.773929,96447
-7.85226,4.92605,0.697731,91482
-7.78638,9.31873,0.418308,42360
-7.72445,12.7065,0.436096,105068
-7.67362,12.7399,0.435128,83827
-7.61522,13.3658,0.237374,16503
-7.53905,14.6793,-0.272856,44016
-7.48713,14.8284,-0.18156,113130
-7.43499,14.5093,-0.168936,62049
-7.36166,12.3614,0.946711,29410
-7.3043,11.483,0.634205,103455
-7.25189,11.6342,-0.231335,90975
-7.18399,10.8621,0.100072,72245
-7.12868,10.2175,-0.165155,116042
-7.07588,10.11,-0.435953,45773
-6.99999,7.6548,1.44257,28830
-6.94471,7.12913,0.619021,102009
-6.89313,7.0931,-0.124426,84491
-6.83169,7.39249,-0.614775,20613
-6.7602,8.72881,0.264203,62234
-6.70891,8.49047,0.0925439,116937
-6.65691,8.42023,-0.138127,41152
-6.57923,7.5611,0.827977,30045
-6.52504,7.79325,0.382776,106687
-6.47366,8.03229,-0.0695852,79619
-6.4176,7.41551,-0.272444,13701
-6.33757,6.0358,0.735392,32006
-6.28549,5.83281,0.724293,110169
-6.23285,6.15589,0.703913,79350
-6.16273,7.32243,1.40656,62574
-6.10816,6.96594,1.4122,118028
-6.05515,7.41509,1.00008,51443
-5.98053,15.6438,0.492344,52190
-5.9277,16.0956,-0.0446057,118645
-5.87593,15.7494,-0.368675,53488
-5.80045,3.53082,1.19025,27382
-5.74433,1.37299,1.01791,101557
-5.69304,1.37865,0.43608,87075
-5.63265,2.88133,-0.336331,20366
-5.56006,7.36243,-0.0571522,59883
-5.50882,7.53661,-0.168295,116849
-5.45473,7.68168,-0.0488445,47469
-5.38056,9.65248,0.611594,58187
-5.32825,9.56179,-0.501019,114754
-5.27567,9.92187,-1.13406,50253
-5.20044,10.5607,0.345098,34140
-5.14504,10.4219,0.441733,105598
-5.09368,10.3297,0.0883926,78496
-5.02667,8.29608,0.304394,24771
-4.96235,7.21139,0.126518,82487
-4.91072,7.2532,-0.214076,103960
-4.85824,6.72506,-0.549128,27115
-4.77717,7.86024,1.18635,16824
-4.72317,8.10631,0.609441,91209
-4.67093,8.14674,0.275242,102877
-4.60524,9.62313,0.371602,68006
-4.54738,10.2974,-0.00709715,116697
-4.49589,10.2087,-0.787512,54591
-4.43322,8.92564,-1.04726,7316
-4.35745,7.58144,0.658487,34319
-4.30612,7.08756,0.461228,113216
-4.25399,7.25015,0.454016,73371
-4.18199,9.14452,0.122055,50929
-4.12725,9.47159,-0.116392,115348
-4.07462,9.60201,-0.18214,61161
-4.00201,3.87504,0.0436982,32922
-3.94504,2.59249,-0.0728087,104102
-3.89309,2.47698,-0.15658,81793
-3.82864,6.48882,-0.0344474,23668
-3.76183,12.3646,0.286144,78490
-3.7105,12.4866,-0.281136,108789
-3.65839,12.3555,-0.623739,29401
-3.57756,10.7726,0.834014,17974
-3.52307,9.95493,0.402143,91432
-3.47163,9.51458,-0.0539499,97610
-3.41397,8.73867,-0.0802269,26340
-3.34048,5.31959,0.702272,59122
-3.28836,4.96865,0.582789,115483
-3.23,3.73761,0.2245,65371
-3.16446,2.16959,-0.623235,100408
-3.11234,3.11114,-0.654337,92137
-3.05645,4.76403,-0.441267,19253
-2.9784,7.25145,0.618445,38304
-2.9262,6.89598,0.43284,111060
-2.87417,6.72249,0.397796,68389
-2.80287,6.00824,1.32266,33778
-2.74477,5.4623,0.763112,100150
-2.69298,5.01884,0.536956,85880
-2.63137,4.95744,0.483778,22157
-2.56061,4.38453,0.270457,66073
-2.50943,5.02082,0.0972796,115509
-2.45747,5.34858,0.0853779,37459
-2.381,6.93527,1.87054,7492
-2.31986,6.06887,2.02572,59691
-2.26859,5.7234,1.84849,113791
-2.21435,6.26275,2.0064,50218
-2.14121,9.3052,1.46753,59381
-2.08829,9.77027,1.12818,115008
-2.03598,9.59203,0.728951,48697
-1.96033,5.29012,1.42906,26308
-1.90418,5.20722,1.44286,100551
-1.85288,5.64196,1.34039,87629
-1.79629,6.12536,1.59084,17616
-1.71827,3.91807,2.22403,40817
-1.66669,3.81649,1.88547,115999
-1.61512,3.89951,1.62761,63600
-1.5414,7.80842,2.14772,33168
-1.48504,8.26992,1.88732,107756
-1.43363,8.18747,1.57704,81568
-1.36627,3.82762,2.08681,24492
-1.3026,0.107111,3.04922,88419
-1.25135,0,2.69164,101847
-1.19269,1.08969,1.93529,30690
-1.12151,3.35628,0.582473,72925
-1.0698,2.86303,0.239315,111120
-1.01746,2.05747,0.104308,34129
-0.938366,8.08302,1.76003,18784
-0.88306,8.36674,1.88632,90070
-0.831794,8.42978,1.57582,98819
-0.775793,6.85358,1.56542,23874
-0.699159,2.64703,2.03156,44700
-0.647026,2.16925,1.85991,116385
-0.593649,2.90404,1.6636,63321
-0.521944,8.99883,0.754516,60449
-0.468311,9.69873,0.254496,116924
-0.414664,9.31731,0.337601,50918
-0.340898,6.9468,2.58865,55116
-0.287773,6.8484,2.62691,116699
-0.234335,6.54174,2.214,56035
-0.161642,8.69938,1.2389,59171
-0.108319,8.4819,0.810252,115845
-0.0565812,8.22503,0.629862,48488
0.00232652,7.35621,0.732554,4276
0.0839946,2.30519,3.29162,18304
0.136681,2.04594,2.70443,94313
0.187667,2.0018,2.18996,96343
0.247878,1.94384,1.6246,25088
0.319015,2.56112,1.70594,70488
0.369995,2.01304,1.31241,115596
0.428918,2.55416,1.1682,46363
0.497158,3.82785,1.3362,90425
0.548382,3.80346,0.981764,102883
0.608922,2.6214,0.885493,34096
0.677835,1.03042,1.27815,84905
0.728864,0.900237,0.686611,105471
0.791231,1.76407,0.704977,44437
0.855851,3.26336,1.01513,100461
0.907193,3.41886,0.72099,91573
0.966606,3.67082,0.508776,21190
1.0397,3.04624,0.581874,62057
1.09172,3.20993,0.222586,119232
1.1514,4.1084,-0.632697,77790
1.21364,4.61876,-0.794898,114131
1.26558,4.785,-0.931919,68820
1.33597,5.57866,-0.941974,25404
1.39687,6.2796,-0.973634,91805
1.44801,6.80516,-1.18698,98484
1.51153,5.01638,-1.30184,37137
1.57663,3.44251,-1.18729,95353
1.62773,3.50177,-1.54386,96718
1.69061,4.49134,-1.59706,30958
1.75785,7.08906,-1.57009,84854
1.80889,7.17488,-1.8907,105037
1.86382,6.70435,-1.91691,26999
1.94069,5.68115,-0.0410276,45304
1.99316,6.1758,-0.330176,116698
2.04422,6.2077,-0.488818,58212
2.10334,5.91491,-1.31965,6566
2.18353,6.06278,-0.917852,25146
2.23508,6.33942,-1.17306,105775
2.28667,6.38977,-1.64906,83862
2.35553,3.59178,-1.64878,37835
2.41537,2.60343,-1.92026,103227
2.46685,2.73108,-2.39569,83684
2.52941,4.27673,-1.73181,20657
2.59907,6.46486,-0.785374,67788
2.65034,6.42814,-0.95083,116233
2.70711,6.12521,-1.02676,44234
2.77815,6.47278,-0.807788,75066
2.82967,7.06634,-1.21059,113623
2.88579,6.39745,-1.69508,37530
2.95889,1.30903,-1.37887,67454
3.01057,1.03708,-1.81727,114270
3.06456,0.988714,-2.13516,41497
3.13986,2.25396,-1.42272,53675
3.19215,2.41662,-1.92904,116563
3.24342,3.02991,-2.2441,51488
3.29715,4.43738,-3.08286,4040
Aminopentane,,,
"z (Angstroms)","PE (kcal/mol)","F (kcal/mol-Angstrom)","Number of samples"
-7.55328,4.73591,1.11142,756
-7.49911,7.91406,0.873218,21923
-7.44701,7.47347,0.526048,98327
-7.39551,7.277,0.422814,89252
-7.3398,7.06494,0.178006,18243
-7.26087,8.49682,0.884635,29895
-7.20812,7.09207,0.795412,106120
-7.15623,6.85407,0.578896,79185
-7.08984,6.02045,0.478418,25968
-7.02524,4.86659,0.403372,83827
-6.97379,4.84763,0.0578147,102751
-6.91368,7.37947,-0.102143,38878
-6.84551,12.4839,-0.00585392,84752
-6.79377,12.4394,-0.416305,103389
-6.73572,12.7807,-0.668783,34254
-6.66437,13.0735,-0.16446,70350
-6.61257,13.2295,-0.573644,110907
-6.56,13.356,-0.752423,37003
-6.4814,9.28264,0.529282,19621
-6.42603,8.2593,0.715355,95664
-6.37527,8.30178,0.426794,95713
-6.3163,9.58961,0.599713,23111
-6.24277,13.7312,1.02495,58583
-6.19143,13.3872,0.868385,118343
-6.13782,12.9082,0.51274,47882
-6.06377,10.8636,-0.215913,54980
-6.01059,11.1374,-0.107072,113982
-5.95845,11.2981,0.0134216,52800
-5.88383,8.83567,0.119512,30760
-5.82747,8.37342,0.136957,103828
-5.77604,8.45951,0.00671072,82904
-5.72161,8.92497,-0.0373222,14375
-5.63985,10.4521,0.933548,25525
-5.58722,9.89426,0.386627,107186
-5.53429,10.4096,-0.245672,93819
-5.46757,12.5609,0.191018,95534
-5.41388,12.5532,-0.415333,105485
-5.36169,13.0976,-1.15394,25984
-5.28074,9.34989,-0.366038,16236
-5.22588,8.62508,-0.143702,87350
-5.17419,8.94103,-0.103473,101344
-5.11645,9.72262,-0.145409,28739
-5.04356,11.4435,-0.414337,65443
-4.9919,11.9981,-0.53684,116210
-4.93268,11.9039,-0.323283,62033
-4.86731,10.5043,0.512947,101255
-4.81574,10.5624,0.449337,88863
-4.76192,11.1964,0.543123,16025
-4.6795,12.3464,0.165258,16655
-4.6258,12.1572,0.244059,92230
-4.57497,11.7641,0.413808,97669
-4.51854,11.3845,0.83884,23645
-4.44224,12.9822,0.914544,46902
-4.39008,12.5699,0.31276,116212
-4.33757,12.383,-0.53062,59222
-4.26373,16.6603,0.242475,47576
-4.20987,17.3275,-0.188877,116712
-4.15784,17.2201,-0.644892,60111
-4.08433,12.642,-0.360979,27276
-4.02688,12.0135,-1.14418,102383
-3.97585,12.7484,-1.48554,88088
-3.91642,13.2438,-1.11818,19663
-3.84295,12.2299,-0.281317,57800
-3.79135,12.2296,-0.0901304,115623
-3.73863,12.5554,0.179099,47568
-3.66233,12.1372,0.707305,27116
-3.60733,11.8095,-0.125676,103307
-3.55574,12.112,-0.662561,86198
-3.48847,13.8013,-0.847063,36270
-3.4271,14.2685,-0.644937,101048
-3.37572,13.982,-0.945609,86943
-3.32004,13.7474,-0.771799,17172
-3.24039,14.4158,0.985655,32090
-3.18877,14.5549,-0.198544,114293
-3.13689,14.5972,-1.06644,73225
-3.06602,11.7786,-0.637732,32557
-3.00759,8.85766,-0.457987,105053
-2.95628,7.82195,-0.997853,84114
-2.89256,8.34292,-0.168982,20919
-2.82397,11.4924,0.174136,76740
-2.77319,11.6199,-0.280382,113357
-2.71245,11.1006,-0.453561,48560
-2.64696,8.37925,0.0261333,98030
-2.59534,7.89669,-0.0313404,93131
-2.53937,8.77938,0.0850921,19136
-2.46138,12.8201,0.591531,42125
-2.40963,12.5269,0.10965,116923
-2.35849,12.5223,-0.123669,60541
-2.29655,12.2528,0.22525,8115
-2.22083,10.4848,0.79251,38109
-2.16914,10.4377,0.4313,115635
-2.11782,10.6902,0.0471866,65838
-2.04502,13.4624,0.837122,28425
-1.98684,14.5681,1.18507,99972
-1.93557,14.2011,1.09996,89717
-1.87404,12.9974,0.919289,22631
-1.80372,12.0804,0.845795,67773
-1.75243,12.7581,0.861478,112549
-1.6987,13.2209,0.732297,40659
-1.62285,10.9483,1.31141,53085
-1.57053,10.8808,1.19822,119813
-1.51902,10.7106,0.990581,52896
-1.44244,10.8419,1.20329,42703
-1.38928,10.8814,1.12772,116008
-1.33721,10.972,0.890206,66083
-1.26405,11.8585,1.36257,54473
-1.21065,12.1914,0.842129,119353
-1.15829,12.2487,0.606678,55095
-1.08316,11.5974,1.15537,41805
-1.02896,11.2258,1.01886,115797
-0.978116,11.3305,0.725479,65007
-0.923064,11.4358,0.160925,7307
-0.83808,10.2603,1.08582,15520
-0.785714,10.5827,1.03827,88803
-0.734307,10.6717,0.887079,100966
-0.672799,10.685,1.50702,34964
-0.605542,10.7892,2.2954,86776
-0.554044,10.7222,2.24397,102600
-0.495147,10.2541,2.29232,32826
-0.424595,11.7487,1.89429,72069
-0.372594,11.4507,1.56675,110702
-0.320165,10.5354,1.44832,34797
-0.244721,10.3429,2.10959,7990
-0.182766,10.8939,1.9412,59819
-0.131344,11.155,1.76954,117260
-0.0727204,10.6785,1.80749,64557
-0.00770263,10.4459,1.80578,103994
0.0443015,10.1205,1.34772,87939
0.0963798,9.9805,0.759608,15154
0.179153,7.34467,3.47174,3315
0.238653,6.12277,3.60329,42037
0.29027,5.75675,3.42474,114799
0.344354,6.0052,3.2499,71277
0.414326,8.94385,2.73854,78255
0.467092,9.54071,2.36579,111757
0.519449,9.36324,2.14266,32304
0.596479,6.08363,3.40667,8423
0.65677,4.08257,3.99317,64752
0.707917,2.97929,3.88866,115229
0.762614,2.9464,3.74083,45351
0.835992,3.51749,3.40147,68234
0.887917,3.14008,2.71111,118420
0.94702,4.4612,2.16679,56077
1.01293,7.56298,2.09817,101187
1.06433,7.74462,1.66277,89907
1.11714,7.86529,1.4932,16153
1.19523,1.37267,5.37727,2139
1.26017,0.706405,5.45717,32265
1.31164,0.45554,5.08636,113329
1.36225,0,4.34235,72902
1.43195,1.58633,3.79117,19853
1.49505,3.3153,3.21862,81699
1.5463,3.71054,3.03421,104841
1.60417,2.72075,3.18608,35475
1.67583,2.72835,3.91315,74564
1.7268,2.8308,3.29786,113169
1.78564,2.93603,2.92924,44744
1.85453,3.95784,2.71916,88842
1.90564,3.9163,2.08494,105391
1.96861,4.40098,2.15862,39750
2.03355,4.93154,2.79095,94076
2.08522,4.70437,2.49332,95909
2.15006,2.33534,1.4114,42150
2.21289,0.966172,0.163926,104006
2.26386,1.76603,-0.205094,88282
2.33167,1.02463,1.30033,34298
2.39328,0.368064,1.69291,102759
2.44559,0.917375,1.11219,98179
2.51288,4.32709,0.627948,83943
2.5669,5.20731,0.100667,112265
2.61981,6.05445,-0.502768,35438
2.69849,3.11097,-0.0288992,30216
2.75217,3.33505,-0.174011,113198
2.80662,3.27083,-0.510014,97266
2.87145,1.50349,-0.811443,111435
2.92403,1.35098,-1.24449,89217
2.98813,2.77519,-0.986702,25317
3.05554,4.01918,-0.388857,82600
3.10578,4.02091,-1.12266,107981
3.16632,3.15317,-1.49116,38973
3.23429,0.861185,-1.91753,86061
3.28598,1.0762,-2.09824,102903
3.34068,1.35009,-2.34086,26655
3.41834,5.76803,-1.00675,41788
3.47024,5.82489,-1.79009,115997
3.52329,5.87535,-1.94942,66600
3.59543,2.42431,-1.85793,60748
3.64867,2.37137,-2.44972,118620
3.70207,2.81378,-2.98337,50643
3.77548,6.6318,-2.20633,45226
3.83084,6.64925,-0.850437,101687
3.88428,6.01419,0.260257,71021
3.95277,7.81503,-0.46719,43311
4.012,7.88865,-0.186633,100332
4.06381,7.71698,-0.397562,79086
4.12332,8.60525,-1.00988,17179
4.1981,9.08306,-3.27963,50046
4.24952,9.10519,-3.85493,117410
4.30068,9.57781,-4.32532,52184
4.37173,9.00642,-4.16097,11246
4.43681,9.54139,-4.25658,65616
4.4877,9.81075,-4.59283,117623
4.53895,9.71902,-4.90972,35761
4.59213,9.80615,-6.12877,1782
Aminohexane,,,
"z (Angstroms)","PE (kcal/mol)","F (kcal/mol-Angstrom)","Number of samples"
-6.62409,10.1178,2.20529,786
-6.57049,9.52751,0.769407,22623
-6.51886,9.61254,0.402882,102325
-6.46755,9.41862,0.0992445,86315
-6.40807,9.33165,0.138739,19575
-6.3344,11.9018,0.139245,53139
-6.28245,12.1679,0.177832,117412
-6.22972,12.5542,0.208304,52813
-6.15496,17.1287,0.248227,45473
-6.10125,17.8335,0.092275,115787
-6.04936,17.6426,-0.329966,61427
-5.97564,13.2753,-0.317702,37172
-5.9197,12.456,-0.819713,111261
-5.8687,12.1404,-1.44817,75063
-5.80118,13.348,-0.209088,19856
-5.73634,14.975,0.507482,79172
-5.68474,14.8493,0.352959,106786
-5.63052,14.4246,-0.0213393,32455
-5.55383,10.9506,-0.580206,47565
-5.50185,11.1338,-0.836371,115121
-5.45008,10.7644,-0.976001,58070
-5.37774,12.4975,-0.485645,17125
-5.31637,12.5969,-0.309697,81025
-5.26484,12.2273,-0.334772,109054
-5.20096,12.5017,-0.335388,63177
-5.14064,12.8383,-0.366101,114725
-5.08954,12.8371,-0.366541,67852
-5.02036,12.3381,-0.432107,17188
-4.95577,10.8834,-0.175916,75564
-4.90482,10.425,0.0127236,110873
-4.85256,10.4061,0.0596762,30045
-4.77272,14.1091,1.01098,20270
-4.71787,14.7433,1.11645,96932
-4.66665,14.8214,1.04003,93260
-4.60186,12.3067,1.07055,39279
-4.53834,10.3506,0.221902,96774
-4.48699,10.3564,-0.486805,92764
-4.42876,9.98586,-1.12455,20341
-4.35385,8.23191,0.114715,54073
-4.30254,8.19506,-0.205717,116539
-4.25035,8.01076,-0.556096,49509
-4.17537,12.1408,-0.858669,22253
-4.11752,12.5542,-0.67715,93667
-4.06671,12.0837,-0.596321,95955
-4.00275,10.473,-0.385312,35415
-3.93754,9.72512,-0.137619,88170
-3.88567,9.16724,-0.05379,99543
-3.83302,9.08205,-0.070772,22708
-3.75265,12.5139,0.532241,7902
-3.69459,12.713,0.370641,60735
-3.64315,12.3177,0.440165,115210
-3.58951,12.0039,0.496646,45105
-3.51474,13.6352,0.682523,50865
-3.46197,13.6313,0.569432,115629
-3.40989,13.3952,0.434906,56949
-3.33493,11.1445,0.258609,30075
-3.27911,10.5162,0.201391,105135
-3.22774,10.382,0.160835,83314
-3.16393,11.7671,0.574076,22421
-3.09586,13.3113,0.800185,76440
-3.04465,12.9944,0.619718,109138
-2.98355,11.563,0.454935,54142
-2.91875,9.74804,0.436392,102586
-2.86734,9.82629,0.149032,87687
-2.80398,10.5899,0.22468,26510
-2.73615,11.2933,0.58903,76277
-2.68471,11.0551,0.587522,108606
-2.63166,11.3104,0.379587,31060
-2.5531,14.6109,1.20284,30529
-2.49964,14.3771,1.07454,108498
-2.4465,13.6682,0.952261,86987
-2.37788,10.4804,1.02797,86280
-2.32462,9.91181,0.91456,110742
-2.27183,9.96131,0.696978,32345
-2.19274,10.5605,0.665969,31001
-2.13949,10.3826,0.215409,108515
-2.08824,10.3635,-0.0941186,76999
-2.02006,14.326,-0.411045,28406
-1.95772,16.9269,-0.0881296,88592
-1.90563,16.9346,0.243216,99412
-1.84176,13.078,0.679501,45326
-1.77891,8.80848,1.14712,103051
-1.72735,8.33717,1.27715,86678
-1.66939,9.7429,1.27282,17862
-1.59386,14.0339,0.302097,50355
-1.54205,13.8174,0.353003,116204
-1.4906,13.6406,0.291993,53304
-1.42842,12.8756,0.688738,6179
-1.35166,11.4809,1.03016,34169
-1.30017,11.024,0.758587,112081
-1.24902,11.0162,0.421937,71241
-1.18107,11.2687,0.429937,18432
-1.11613,11.9541,0.677926,75579
-1.06469,11.9839,0.343611,108950
-1.00674,12.5807,0.223763,40230
-0.93632,14.1348,-0.127853,80934
-0.885161,14.2651,-0.298814,111362
-0.829958,14.2611,-0.425224,31202
-0.754088,13.8489,-0.0944798,54495
-0.702733,14.0305,-0.460999,117912
-0.648808,13.954,-0.699941,53352
-0.575773,13.5169,-0.925596,59989
-0.522928,13.6187,-1.36493,115738
-0.470877,13.5738,-1.7581,46208
-0.404532,13.2303,-0.376686,6622
-0.332802,12.0625,1.33698,42676
-0.281416,11.2801,0.73338,117134
-0.22852,11.0344,0.237324,64620
-0.15636,10.6998,0.55034,56563
-0.101954,10.0162,0.758325,114965
-0.0502213,9.43765,0.221441,53416
0.025326,7.56164,-0.125134,34462
0.0805593,7.23444,-0.476627,110757
0.131955,7.74639,-0.549665,76340
0.202183,10.3479,-0.462057,38095
0.260667,11.6453,-0.662628,107339
0.311434,12.2478,-1.02188,80125
0.366074,13.6979,-1.27156,11022
0.449868,10.7669,1.43462,16881
0.502728,10.6969,1.13899,92863
0.553202,10.6565,0.668571,97713
0.606867,9.88467,0.435853,19571
0.689003,6.60526,0.397098,17979
0.742489,7.12405,-0.0780034,96584
0.795186,7.66891,-0.663127,109274
0.860234,9.7815,-0.610896,98152
0.914763,10.0096,-0.774601,104997
0.966555,9.57968,-1.2322,26992
1.02711,9.45643,-0.389459,1589
1.11147,7.84107,4.76728,10316
1.16406,8.34582,4.4813,73657
1.21719,7.99355,3.85279,121297
1.27829,7.31297,1.06614,111458
1.33516,6.89588,0.222292,103650
1.3884,6.40556,0.756605,32688
1.46646,4.20539,3.86958,16137
1.5232,3.54204,3.97111,84359
1.5748,2.79859,3.70756,103590
1.62615,2.15922,3.05635,24289
1.70689,4.27387,3.42478,5504
1.76605,5.62257,3.55405,51272
1.8178,5.74247,3.18472,116655
1.87163,5.59991,3.04785,57470
1.94373,5.49968,3.42537,70595
1.99609,5.35914,3.04576,114845
2.05181,4.81228,2.89788,44545
2.1243,3.36941,2.91801,70230
2.17598,3.10173,2.54722,114396
2.23129,3.0882,2.05766,42864
2.30442,3.66023,0.756957,65383
2.35635,3.8809,0.526757,114767
2.41061,3.69543,0.564303,44265
2.48502,0,1.35305,57158
2.53737,0.714576,0.877826,116893
2.5889,2.07584,0.205298,48054
2.64383,2.84899,0.107133,3606
2.73252,3.83892,2.42224,5352
2.78564,4.00995,2.24817,57873
2.83732,3.67645,1.93021,116521
2.89565,3.92524,1.87503,69436
2.96046,4.19484,1.98047,104676
3.01256,4.42433,1.66235,86507
3.07801,2.78739,2.05819,28642
3.14289,0.995453,1.84071,91326
3.19454,1.02843,1.40544,104315
3.26028,2.63142,1.07605,79473
3.31704,3.07075,0.793032,118854
3.36903,3.29613,0.464699,45690
3.44678,2.53245,0.807637,32770
3.50018,2.82561,0.227441,110322
3.55294,2.94264,-0.21721,82780
3.62237,3.73462,-0.360107,74792
3.67645,3.79584,-0.66223,113337
3.7284,4.35488,-0.811076,39645
3.80098,4.35267,-0.519628,7076
3.86612,3.31144,-0.026678,48593
3.91842,2.93638,-0.165012,113175
3.97115,2.92035,-0.0249208,59299
4.04435,2.35399,0.35182,52322
4.09843,1.958,-0.102122,116897
4.15099,1.90757,-0.612809,59210
4.22462,2.63877,0.0131478,56926
4.2776,2.66444,-0.389274,118621
4.33324,2.37966,-0.896553,62633
4.40288,0.19642,-0.838763,93156
4.4535,0.3048,-1.54765,103862
4.51547,1.64268,-1.47821,33991
4.58293,3.45797,-1.2933,88206
4.6341,3.71152,-1.70087,104103
4.69259,3.26022,-2.14157,29084
4.76464,1.29634,-1.77803,67899
4.8161,1.19911,-2.2573,115407
4.87372,1.50548,-2.60652,49076
4.94276,2.21483,-3.14098,89290
4.99435,2.43714,-3.83379,102858
5.0482,2.58495,-4.1358,24474
5.12751,2.37166,-3.29249,32613
5.18032,2.69102,-3.16628,115768
5.2367,2.51341,-3.68327,111184
5.29803,2.36014,-3.95896,125541
5.34987,2.90802,-4.42667,62776
5.40391,2.98294,-4.84485,6240
Hexane,,,
"z (Angstroms)","PE (kcal/mol)","F (kcal/mol-Angstrom)","Number of samples"
-7.45639,17.0418,2.92599,552
-7.40306,15.3215,0.193618,18759
-7.35094,15.4853,-0.548961,96801
-7.29959,15.5263,-1.1312,93662
-7.24655,15.5239,-1.55605,17895
-7.16389,17.2114,0.807907,19638
-7.11077,17.1953,0.396535,95757
-7.05883,17.0007,-0.00222438,98457
-6.99186,15.667,-0.400811,72542
-6.93561,15.5129,-0.677679,117484
-6.88413,15.3058,-0.971453,47382
-6.81683,15.6977,-0.0637272,6165
-6.74559,14.0467,1.77109,38511
-6.69363,14.1318,1.42242,113825
-6.6405,14.381,0.923192,70791
-6.56991,16.0886,-0.00215718,62547
-6.51557,16.016,-0.292147,113641
-6.4601,15.6941,-0.317537,58004
-6.38982,14.9428,-0.5523,77023
-6.33721,14.5494,-0.953064,108826
-6.28412,14.5307,-1.11472,35798
-6.20624,15.4154,0.98013,25987
-6.15162,15.6465,0.75291,101955
-6.10088,15.2978,0.594409,85789
-6.04409,15.4963,0.362299,16380
-5.96552,16.0481,1.45491,34648
-5.91309,16.6222,1.38667,110033
-5.86167,16.6592,0.992908,72703
-5.79228,15.6398,1.55615,23686
-5.73015,15.6898,1.56028,87118
-5.67845,15.4832,0.946709,102346
-5.61471,12.8608,0.710179,48157
-5.5519,11.153,0.91862,106747
-5.50097,11.1293,0.809868,83097
-5.44643,11.1346,0.431806,13120
-5.36328,15.1785,1.58485,22843
-5.31148,15.896,0.933929,101275
-5.26019,15.8486,0.448247,88674
-5.19987,14.7797,0.353448,19745
-5.12765,12.7551,0.34447,57161
-5.07565,12.7333,0.350354,111644
-5.02083,12.8835,0.522135,55095
-4.9495,12.6952,0.813529,70030
-4.8968,12.5917,0.515321,113098
-4.84364,12.6538,0.483505,40991
-4.76678,15.7823,0.919263,32781
-4.71258,16.1976,0.647606,111462
-4.66179,16.2382,0.0432537,77377
-4.5899,16.6515,0.688267,40004
-4.53296,16.7877,0.691892,106608
-4.48061,16.7495,0.65646,77525
-4.41209,17.6925,1.01641,34715
-4.35172,18.1205,1.12217,99487
-4.29997,17.8447,0.991075,88037
-4.24642,17.1466,0.709996,16082
-4.16408,15.6632,1.40766,19360
-4.11105,15.7372,0.789397,93529
-4.05933,15.828,0.458968,94840
-3.99961,14.6345,0.398045,26591
-3.92833,12.9287,0.738127,64514
-3.87627,13.2518,0.567602,113476
-3.81897,13.2492,0.45461,53637
-3.75044,13.0256,0.9475,84759
-3.69833,12.8307,0.940779,103322
-3.64533,12.4995,1.0226,27822
-3.56493,16.0943,2.25291,22521
-3.51136,16.599,1.56182,100663
-3.45992,16.329,1.12612,89954
-3.3942,14.6078,1.12954,34922
-3.33123,12.6351,1.23774,96154
-3.27971,12.7326,0.907673,92537
-3.22688,12.8248,0.473596,18168
-3.14623,16.7842,2.3382,3919
-3.08621,16.6188,2.00833,45420
-3.03403,16.3074,1.43157,117325
-2.97584,14.0196,0.736889,102447
-2.91498,11.0001,0.59872,120618
-2.86276,10.6648,0.561295,60055
-2.80624,9.97684,0.477018,6786
-2.72398,13.0604,0.660548,23428
-2.67145,13.6109,0.422528,99995
-2.61977,13.4552,0.197963,89150
-2.55165,13.6832,0.911823,48667
-2.49303,13.985,0.880221,109951
-2.43803,13.9641,0.618087,90912
-2.37224,14.3048,-0.456059,100123
-2.31911,14.2733,-0.625557,99101
-2.26018,14.0222,-0.886354,26732
-2.18795,11.5734,0.349724,66155
-2.13647,11.316,0.100424,115467
-2.08549,10.9343,-0.687644,37373
-2.01534,13.1076,0.454277,4407
-1.94522,14.4501,2.53207,33552
-1.89272,14.5788,2.47896,112621
-1.8357,13.1486,1.50256,113255
-1.77499,10.5914,-0.349834,120507
-1.72217,10.3437,-0.717362,65021
-1.66149,9.78272,-0.567071,10014
-1.58554,10.8232,-0.142473,36269
-1.53345,10.6169,-0.137126,111793
-1.48202,10.2666,-0.397053,69312
-1.41352,10.0934,0.220936,19063
-1.34947,9.51725,0.627242,73618
-1.29724,9.3159,0.994622,104868
-1.24459,8.6087,1.09875,35771
-1.16776,13.5798,2.13805,11754
-1.1089,13.5704,2.54076,69595
-1.05676,13.5902,2.78397,108228
-1.0043,13.6401,2.95095,37302
-0.933168,11.7535,4.34399,6236
-0.866196,9.13468,4.52658,41506
-0.813993,8.57584,4.93336,111111
-0.762321,9.1945,4.92071,63787
-0.695664,9.4748,4.95272,14317
-0.6278,9.42092,4.82056,61217
-0.576163,9.2288,4.56271,114029
-0.521212,9.31978,4.18924,49165
-0.448862,7.08788,4.42749,66590
-0.396229,7.16941,3.78781,115747
-0.337058,7.70541,3.40679,63355
-0.272011,8.34187,3.21378,109097
-0.220528,8.81462,2.51617,88174
-0.150976,13.2069,2.19742,50778
-0.0940273,14.4169,1.62836,115694
-0.0414183,14.2431,1.11265,66924
0.0311848,12.2235,1.16959,63520
0.0840231,12.0788,0.298696,122210
0.139695,11.4122,-0.57461,53522
0.210174,8.91565,-1.03729,86685
0.261891,8.47141,-1.56678,107405
0.325748,8.3681,-2.0194,54220
0.387014,8.26885,-2.67478,113873
0.440172,7.83112,-3.39455,83697
0.509347,5.28239,-3.53664,77829
0.563187,5.20121,-3.63018,111253
0.618159,5.54366,-3.84952,41939
0.691868,8.94628,-3.81915,61886
0.743866,9.15928,-4.18524,113669
0.79603,9.25087,-4.33498,45017
0.855463,8.72151,-4.12864,4147
0.936669,8.43284,-2.2454,16071
0.98924,8.12927,-2.03022,81577
1.04223,7.86032,-1.3341,97882
1.09505,7.66787,-0.845794,29544
1.1498,7.83242,-1.17126,1829
1.23869,12.0209,1.48742,2882
1.29422,12.3867,2.86163,33529
1.34673,12.5321,3.20593,101664
1.39949,12.3365,3.87642,75032
1.45284,12.1315,4.33595,13741
1.53257,9.36757,6.32524,3286
1.59391,7.75688,7.02008,34224
1.64704,7.91346,7.22771,102215
1.69944,7.77962,7.29862,76335
1.76653,9.82948,7.63347,27866
1.82972,11.6556,8.1744,90256
1.88084,11.8061,7.92226,98893
1.93373,11.2371,7.73831,22290
2.01607,7.95367,8.29444,17489
2.06962,8.38532,7.55924,97067
2.12092,8.85201,6.64324,102284
2.18834,8.87853,6.43627,73451
2.24408,8.97124,5.97889,119425
2.29788,10.0067,5.10168,48493
2.37204,15.5064,4.69529,67418
2.42325,15.6164,3.7033,121830
2.48299,15.478,3.06278,56292
2.54865,15.5742,2.2163,112746
2.60299,14.21,0.984608,116072
2.6661,10.9461,0.16243,122444
2.71848,10.7148,-0.679869,76193
2.79086,10.642,-1.51742,43221
2.84753,11.1487,-2.5604,127059
2.90492,10.7498,-3.35962,141769
2.96201,10.1715,-4.37984,121103
3.02586,8.37786,-5.20446,68625
3.08586,6.9559,-6.03398,121657
3.14099,7.43014,-6.94464,76648
3.20874,10.283,-7.85123,103592
3.26141,10.1419,-8.65185,105697
3.32796,8.66039,-9.48028,90865
3.38232,8.36803,-9.94487,113148
3.44285,8.87357,-10.4531,49636
3.50885,9.78469,-11.2304,100651
3.56002,9.68287,-11.6616,92493
3.61335,10.0154,-12.1118,15656
3.69642,11.0925,-11.9565,15342
3.75029,10.9099,-11.7351,85415
3.8014,11.1332,-12.0641,102566
3.8551,11.2155,-12.0787,24452
3.93442,10.0866,-10.9827,27597
3.98776,9.66529,-10.792,102268
4.0396,9.32032,-10.4937,82017
4.093,9.55105,-9.88945,14856
4.14885,8.9753,-9.73794,508
4.37286,27.8399,11.952,1
4.37291,0,22.5513,1
4.37952,23.5729,-9.92472,1
4.42307,8.20719,3.50975,996
4.47607,9.07568,2.71966,24128
4.52844,9.10208,2.61259,103614
4.57951,8.71636,2.41106,85484
4.64505,8.40999,1.98388,27070
4.71005,8.37652,1.44973,88760
4.76097,8.6816,0.792925,102760
4.81268,8.84441,0.184157,21389
4.86813,7.7044,-1.10256,813
Acrylonitrile,,,
"z (Angstroms)","PE (kcal/mol)","F (kcal/mol-Angstrom)","Number of samples"
-5.00914,3.31448,0.976742,273
-4.95322,1.2173,1.92511,9223
-4.90043,0.251609,1.53053,74121
-4.84956,0,1.20974,111288
-4.79515,2.60329,0.672596,34225
-4.71867,27.6835,2.16799,50696
-4.66692,28.6492,1.88005,119784
-4.61568,28.4592,1.65326,52085
-4.53909,29.3617,1.74048,22349
-4.48266,29.5675,1.91646,100538
-4.43249,29.3747,1.24846,93919
-4.37943,29.4268,1.12952,14068
-4.29493,30.2175,2.42052,14141
-4.24193,29.1669,2.38497,86058
-4.19021,28.9329,2.4485,103219
-4.12634,28.2152,2.35197,51006
-4.06406,27.8028,2.09293,109929
-4.01325,27.441,1.67121,80900
-3.94432,26.8422,2.12568,29549
-3.88259,25.999,1.971,97646
-3.83156,25.8484,1.29866,93601
-3.76529,26.8894,1.54054,40572
-3.70387,27.2787,1.81442,108822
-3.65331,26.9772,1.46491,83429
-3.59679,26.6081,1.50376,12541
-3.51633,26.577,2.19634,36175
-3.46528,26.5034,1.48802,117459
-3.4145,25.8523,0.663898,66830
-3.34232,23.9225,0.229886,21841
-3.28198,23.1149,0.955579,92791
-3.23114,22.9507,0.738622,100825
-3.16555,24.0416,1.07872,43187
-3.10365,24.7924,0.419317,107739
-3.05221,24.0466,-0.0559551,86453
-2.98202,11.6273,0.62769,63036
-2.92732,8.92937,-0.118279,120848
-2.8754,9.72542,-0.807352,50133
-2.79888,24.7944,-0.0680856,43305
-2.74583,26.1678,-1.00788,119024
-2.695,26.3396,-2.16886,61959
-2.6206,23.5037,-1.88107,26295
-2.56313,22.7776,-1.45844,103433
-2.51226,22.5,-1.59215,88932
-2.44519,14.9509,-1.37473,32134
-2.38276,9.65033,-1.8084,101235
-2.33206,10.7112,-2.13607,92816
-2.26593,19.784,-1.0885,33102
-2.20266,26.1745,-1.53025,98618
-2.15189,26.5265,-3.33108,95673
-2.08552,26.5645,-3.51793,35791
-2.02326,26.4283,-2.49914,107747
-1.97294,26.8887,-2.78983,87835
-1.9082,28.7635,-2.49625,19836
-1.84048,31.0192,-2.53388,75935
-1.78976,31.3328,-2.72586,111988
-1.73565,31.4007,-2.86246,32484
-1.65827,31.2859,-1.00148,45115
-1.60644,31.5881,-2.2461,118680
-1.55516,31.8256,-3.17548,57207
-1.48223,30.538,-2.29634,14479
-1.42099,29.6405,-2.56839,80187
-1.36986,30.0057,-2.6928,109308
-1.31805,30.445,-3.2542,28184
-1.23609,33.9167,-0.718205,20291
-1.18302,33.7285,-1.43394,98019
-1.13175,33.8033,-1.88259,92094
-1.07947,33.753,-2.58602,17128
-0.994681,34.7443,-0.705274,12457
-0.941523,35.3456,-0.807505,88777
-0.890119,35.6444,-0.561534,107058
-0.824715,33.3486,-0.410186,71273
-0.766637,32.1454,-0.84586,115495
-0.714329,32.4022,-1.45776,56526
-0.6389,33.9367,-0.747842,30895
-0.584079,33.9405,-0.711376,112676
-0.533909,33.8522,-0.702252,79222
-0.465687,36.4013,-0.00743937,19577
-0.401101,38.1306,-0.543487,81065
-0.349829,37.687,-0.753396,107599
-0.293313,36.5962,-0.908317,32266
-0.219824,32.9325,-0.252364,65774
-0.168448,32.8817,-0.714822,116578
-0.116864,33.6649,-0.890885,38386
-0.0392018,32.9595,0.0994186,10742
0.019232,33.1594,-0.0399824,69941
0.0713917,33.3551,0.0529775,108672
0.123918,33.1423,-0.0662364,38997
0.202139,32.2936,-0.35884,19728
0.257735,31.0445,-0.374693,92593
0.308796,31.0926,-0.571533,96475
0.372481,31.1997,-0.789724,35666
0.43746,30.4041,-1.03701,92125
0.489194,30.5742,-1.157,100157
0.55498,28.6332,-0.7026,57281
0.614669,27.2902,-0.493159,115148
0.665868,27.1346,-0.599616,67230
0.730442,26.9482,-0.840549,12298
0.800898,27.5949,-0.354634,55348
0.852547,28.1079,-0.279352,117047
0.903837,28.0453,-0.337876,47119
0.974187,29.1793,0.0734455,6588
1.04213,31.0643,-0.00321903,47684
1.09319,30.5619,-0.468648,122291
1.14396,30.8289,-0.802152,50315
1.21471,30.2399,0.166406,8720
1.28136,28.1035,0.362384,59719
1.33184,28.349,0.0214602,119243
1.38394,28.3366,-0.23778,42846
1.46223,29.6878,0.148186,27919
1.51619,29.2132,0.116195,111034
1.56631,28.5897,-0.15255,79591
1.63121,30.5285,0.219811,16620
1.69998,33.48,0.175517,63808
1.75201,33.5833,0.56687,113061
1.8094,32.677,0.673304,54112
1.87783,28.4328,-0.48167,93386
1.9289,28.4808,-0.479908,102985
1.98506,28.7285,-0.188253,24398
2.06152,29.5973,1.10663,53233
2.11291,29.5403,0.173594,120409
2.16913,30.3389,-0.393289,62797
2.23715,31.1049,0.464467,93968
2.28905,30.7327,0.0894308,100292
2.35223,27.1746,0.419772,37847
2.41748,24.2184,0.271209,103358
2.46773,25.0641,-0.45722,91895
2.52164,26.2531,-1.57287,15516
2.6046,28.8221,1.08842,23819
2.65647,28.7802,0.373712,107844
2.70669,28.7917,0.144098,84566
2.76476,27.8629,0.300796,13008
2.84223,25.6489,0.548627,41498
2.89417,25.9386,0.153306,116955
2.94599,26.0862,-0.328282,62956
3.01941,29.9422,0.959331,38510
3.07521,30.9613,-0.050541,113384
3.12604,31.0452,-1.84176,71625
3.19673,25.3155,-0.856019,25683
3.25765,23.572,-0.681386,95267
3.30892,23.7493,-1.08893,98765
3.37596,27.6829,1.02646,56817
3.43424,29.619,-0.823919,117116
3.48636,29.5487,-3.8436,65700
3.55925,26.2289,-1.18785,49372
3.61395,25.3405,-1.37751,114131
3.66562,25.2888,-2.23211,62479
3.738,27.3611,-1.28433,21767
3.79811,28.4914,-0.479551,95150
3.8483,28.6019,-1.30346,97800
3.90228,27.9461,-1.83003,18366
3.98425,24.9686,-1.18452,25829
4.03622,24.9408,-1.93257,108243
4.08691,25.2407,-2.41175,81870
4.14365,27.1043,-2.45653,12676
4.22344,33.2922,-0.621876,34496
4.27475,33.4048,-0.719289,113834
4.32638,33.4983,-0.785397,70300
4.38587,33.812,-0.756801,10109
4.46266,33.214,-1.08701,47307
4.5133,33.1957,-1.22842,121038
4.56642,32.9602,-0.816606,58732
4.63979,29.5429,0.0292492,58474
4.69254,29.5905,-0.453563,117101
4.75014,30.3329,-0.827255,63113
4.81678,31.6166,-0.724415,103057
4.86799,31.5309,-1.06011,95172
4.92417,33.3528,-0.93116,18369
5.0022,37.2136,-0.260548,51561
5.05264,37.3141,-0.331003,125316
5.10286,37.8692,-0.440033,46087
5.17937,30.715,-0.594281,9918
5.24022,29.8682,-0.570761,68849
5.29109,30.3093,-0.877273,116301
5.35023,29.6506,-0.836754,51792
5.41708,28.7108,-0.309911,96080
5.46851,28.8175,-0.654969,96264
5.52145,29.375,-0.712339,17623
5.60514,33.9038,0.117568,7882
5.66022,34.4791,0.0273957,70530
5.71101,34.9057,-0.240604,114616
5.76923,34.0326,0.145935,46582
5.83797,30.7701,0.283607,90925
5.88917,30.6314,-0.119287,103417
5.94726,31.7469,-0.790146,27466
6.02045,32.8801,0.241745,66262
6.07115,32.3748,-0.0772374,118286
6.12422,32.2632,-0.126092,38169
6.20177,30.6245,-0.241236,41845
6.25416,30.6563,-0.272798,119347
6.30515,30.4277,-0.522161,60510
6.3791,32.0256,0.871633,25835
6.43662,33.0165,-0.329019,97041
6.48867,33.5734,-0.905205,91112
6.54117,34.6978,-2.57222,18067
6.6248,35.7143,-0.0784984,18728
6.67708,35.5643,-0.316257,93861
6.72918,35.5005,-0.16574,96053
6.79365,34.7946,0.395327,44592
6.85598,34.6497,0.119598,104528
6.9076,34.5398,-0.566902,84165
6.96107,34.1303,-0.907126,12935
7.04451,24.6295,0.896356,8283
7.10009,22.9119,0.376983,68177
7.15129,23.2236,-0.156564,114288
7.20271,24.1619,-0.869113,35003
7.25683,27.0417,-1.83323,2036
Acetonitrile,,,
"z (Angstroms)","PE (kcal/mol)","F (kcal/mol-Angstrom)","Number of samples"
-8.18551,11.4316,3.61349,890
-8.13047,13.8779,1.90101,21526
-8.07763,14.4579,0.778976,101662
-8.02739,14.2986,-0.519935,88536
-7.97483,13.3003,-1.69326,14451
-7.90314,10.8366,-1.17319,825
-7.82848,15.1826,0.134394,20450
-7.77816,14.7786,0.0697877,101723
-7.72695,14.9534,0.422436,91139
-7.6635,15.0447,0.0578502,26730
-7.59647,14.4541,0.247693,86878
-7.54561,14.4856,0.578701,104367
-7.4911,14.8824,0.915839,24786
-7.41263,13.4765,0.0699186,39893
-7.35914,13.1514,0.380275,125882
-7.30228,13.1441,0.577696,162402
-7.24708,13.0925,0.11851,106640
-7.19557,12.7429,-0.4649,18429
-7.11445,12.111,0.744942,1265
-7.05059,13.1688,1.1227,24958
-6.99899,13.6052,0.664822,108586
-6.94695,13.3187,0.37868,88296
-6.87751,12.4992,1.16386,65472
-6.82281,12.6986,0.0142731,114963
-6.77,12.2444,-0.890752,47695
-6.69442,12.3488,0.402042,24666
-6.63797,12.5499,0.571296,111403
-6.58821,12.5375,0.147988,87759
-6.51861,13.8355,0.469188,32443
-6.45837,14.3188,0.748184,99701
-6.40747,13.6505,0.126515,87466
-6.35403,13.4744,0.272939,15285
-6.27299,15.2209,3.16113,2025
-6.21192,13.4329,1.50818,36432
-6.15942,12.8149,1.02894,116787
-6.10212,13.1468,1.26432,135685
-6.04412,13.34,0.925585,121409
-5.99159,14.2847,-0.115161,40647
-5.92875,14.751,0.0628209,3529
-5.8503,14.181,2.6138,19651
-5.79756,13.9591,1.42856,97542
-5.74617,13.9706,0.23077,96387
-5.67833,12.9915,0.622751,70969
-5.62256,12.5704,0.768708,118738
-5.57095,12.3485,0.428633,47034
-5.49581,11.4607,2.2654,13873
-5.43559,10.4697,1.77045,84178
-5.38592,10.102,0.208964,110944
-5.33456,10.2353,-1.49577,21680
-5.25012,9.28799,3.4441,8840
-5.19534,8.71355,1.81753,73320
-5.14415,8.35554,0.684119,111230
-5.09239,8.30163,-0.134569,33269
-5.01239,9.98743,1.72374,10368
-4.95507,9.38821,1.92545,83066
-4.90432,9.11909,0.926388,121275
-4.83957,8.34199,1.47071,101703
-4.78516,7.92662,0.972443,111899
-4.73281,7.93976,0.171097,27939
-4.65209,10.7013,1.01577,15913
-4.59616,11.264,1.55615,85535
-4.54589,11.2322,1.10329,103392
-4.48133,8.855,0.980004,45119
-4.41861,6.24995,1.2514,106827
-4.36796,6.04112,1.17857,86468
-4.30987,7.12159,1.55994,14427
-4.23264,10.6264,1.12813,45183
-4.18153,10.4058,1.00935,118665
-4.12693,10.2786,0.964461,67308
-4.05682,9.81304,1.11768,84692
-4.00512,9.75587,1.13999,109761
-3.95346,9.07221,1.42999,26176
-3.87516,7.24754,3.32175,3098
-3.81238,7.11134,2.47168,40443
-3.76068,7.38955,1.20373,113324
-3.70652,6.7884,0.509342,76476
-3.63753,5.96788,1.15443,89340
-3.58559,5.73828,0.755314,108479
-3.53289,6.43673,-0.0521776,24659
-3.45088,7.32324,0.931734,28729
-3.39923,6.3781,0.89636,115871
-3.34844,6.46009,0.538757,77730
-3.2758,4.91164,1.75779,45424
-3.2209,5.07692,1.33822,118303
-3.16982,5.36894,0.762674,63687
-3.10254,8.31718,1.9058,9967
-3.03371,9.70221,2.5995,61542
-2.98341,9.4134,1.76437,120698
-2.9311,9.01778,1.50434,40320
-2.85268,6.74812,2.92806,32624
-2.79975,6.24907,2.33728,111323
-2.7487,6.11061,1.63199,74674
-2.68513,7.18768,1.75506,13991
-2.61433,8.47052,2.2995,61819
-2.56272,8.16589,2.23053,115185
-2.51096,8.05702,2.13418,45256
-2.4325,3.97114,3.16624,41165
-2.38111,4.18251,2.40255,119580
-2.32957,3.66031,1.81992,65256
-2.25438,3.08526,2.73152,50575
-2.20177,3.36795,2.4672,123903
-2.15173,2.84667,1.87571,51709
-2.08588,2.56761,1.91407,5099
-2.01253,3.37414,2.75123,35028
-1.9598,2.4065,2.46557,112427
-1.90896,2.49138,2.12395,70023
-1.85322,4.20218,2.23821,9553
-1.77086,1.96492,3.00485,33486
-1.72021,2.16114,2.29838,121022
-1.66967,1.73974,1.83694,66625
-1.5949,1.58897,2.27554,27463
-1.53852,0.354729,2.15644,108268
-1.48709,0.0332555,1.91271,90312
-1.41723,2.34386,2.21437,63917
-1.36257,2.87353,1.89202,120722
-1.30926,2.20372,1.54122,50462
-1.23498,0.324813,1.89965,60891
-1.18254,0,1.58584,119658
-1.13157,0.0474835,1.30878,43912
-1.05363,10.476,3.41055,15260
-0.996445,12.6862,3.52365,85067
-0.945924,12.6739,3.07292,105945
-0.89235,12.3151,2.72419,23518
-0.811209,10.9225,4.80973,28673
-0.759396,10.7358,3.95242,112751
-0.708997,10.7525,3.25869,77571
-0.642,11.1556,3.90892,16499
-0.57501,9.92679,4.61222,75231
-0.524879,9.67069,3.72164,113495
-0.473286,10.026,2.92083,29605
-0.39185,6.60261,5.60984,8557
-0.334837,6.16842,5.05398,69169
-0.284075,6.05292,3.79625,115149
-0.232318,5.81285,2.34235,34525
-0.152971,6.87489,4.32174,20449
-0.0975929,6.58712,4.00748,97375
-0.0466159,6.27983,4.05953,95016
0.0211391,7.05933,5.01477,50901
0.0796103,7.2374,4.05486,118834
0.130729,7.31089,2.9636,67743
0.204447,7.19041,5.48301,30963
0.260932,6.96389,4.40261,106163
0.312184,6.95517,2.57048,84495
0.376419,6.44727,1.7412,21115
0.444538,5.37969,3.47771,77423
0.495157,5.18232,3.30877,111631
0.552817,5.58972,3.70559,37321
0.624277,6.62893,4.04304,78207
0.674921,6.17515,2.63188,112610
0.727382,7.02855,1.72473,28068
0.80816,2.16289,5.50289,24250
0.861666,1.31137,3.30219,103868
0.912226,1.31778,1.37661,87015
0.978583,3.94482,1.23832,27368
1.04283,4.51299,2.1983,89226
1.09509,4.16199,2.22628,105452
1.1611,4.58857,2.15918,80131
1.21689,4.4642,1.93004,121297
1.26936,3.84773,1.60192,44411
1.34687,2.35278,2.77148,45122
1.39876,2.50049,1.65214,121257
1.45008,2.35932,0.431911,58460
1.52604,2.34785,1.99745,37801
1.57981,2.3486,1.27306,116667
1.63035,2.20879,0.159752,68931
1.69665,3.985,0.770889,12101
1.76585,4.53732,1.27904,61970
1.81689,4.44869,0.455191,119387
1.87016,4.82635,-0.591126,43426
1.94552,6.11135,0.650471,54323
1.99758,6.2612,0.0601086,117441
2.05335,5.87421,-0.134312,60123
2.12304,3.07097,-0.376676,89479
2.17475,3.14235,-0.374075,107611
2.23434,4.09254,-0.092,34203
2.30336,5.77482,0.0477385,78816
2.35551,5.63865,-0.954504,108546
2.40922,5.91204,-1.95891,31115
2.48741,3.34153,1.24203,48893
2.53808,3.01417,-1.21086,122167
2.58879,3.28997,-3.53229,52634
2.66691,4.67327,-0.0465067,27130
2.72126,4.24528,-1.15664,108626
2.77182,4.45361,-2.65933,83566
2.83644,5.33906,-3.44761,18050
2.90495,5.20494,-1.57637,71932
2.95588,5.14603,-2.21095,114926
3.01272,4.87204,-1.50162,41057
3.0842,2.24705,-0.571607,83889
3.13463,2.33111,-3.36214,112468
3.19788,3.57304,-4.01594,49254
3.26096,4.21258,-2.54033,104701
3.31235,4.46422,-3.06896,84337
3.37534,3.98032,-2.34199,18639
3.44517,3.56566,-2.06353,69144
3.49641,3.85125,-3.22091,116481
3.55627,4.56879,-3.77207,57263
3.6211,4.92403,-3.09956,104604
3.6727,5.10699,-3.56616,88075
3.73784,4.94864,-3.11266,25304
3.80357,4.00671,-2.80212,87146
3.85411,4.12432,-3.7546,106220
3.90597,4.60873,-4.82137,21324
